"","Player","Country","PC01","PC02","PC03","PC04","PC05","PC06","PC07","PC08","PC09","PC10","PC11","PC12","PC13","PC14"
"1","A Balbirnie","Overseas",-8.21622873162226,-1.08190628548853,-1.9139313509408,1.69039821998398,-0.438696277172173,-0.191556067276975,-0.454510537574104,-0.316732586433352,0.0537598171564395,-0.254332958625795,0.594746437829365,0.0542875382361457,0.0393856451706243,0.0229525646271293
"2","A Ndlovu","Overseas",2.44913648785578,0.560873809944131,0.231553775301547,0.13581731637098,-0.0837358769497557,0.205320742284898,-0.0757796842509232,-0.110386294085763,0.117495909223155,0.0683904111426651,0.091173409315773,-0.189059751526856,-0.00881966751969377,0.00265909878484861
"3","A Nortje","Overseas",2.24790419546894,-2.00009860108038,-1.06507347211133,-0.659244996216947,0.0675645558619912,0.567602326736724,-0.394624256033473,0.0329898006184388,0.212346444434764,-0.137514138153129,-0.0485782298300622,-0.0104830807891461,0.000707894582845581,-0.00567223456445189
"4","A Sharafu","Overseas",2.8793070981336,0.392080984474398,-0.318735748368265,0.0343209236367532,-0.280427077427836,0.323485857662892,-0.120532272526698,0.0943069348025526,0.053017982270063,0.0304137996480057,0.0231032066768773,0.0692451330191646,0.00604983092536972,-0.00288253888684701
"5","A Zampa","Overseas",2.84902653582842,0.67139716282966,-0.470778490826984,0.189813733562041,-0.245554431668596,0.170938399897127,-0.0673760527533368,-0.0245201685893283,-0.0644632575105983,0.0127823197448738,-0.0847434692901391,-0.11015501992516,-0.00347386958124353,-0.00072030069202379
"6","AC Agar","Overseas",1.56003620743025,-0.230644517589223,0.173786127844065,0.0621700352174208,0.0934632575123794,0.125166101721389,-0.294479674204706,0.11477352536388,-0.0495420850294327,-0.255283939339588,0.0345865787354867,-0.0130151133110124,0.00240281265221915,0.00132755392222766
"7","AC Evans","Overseas",2.65111551296656,-0.230920927707208,-0.122637288600491,-0.176093724401487,-0.154720952040692,0.424579034511956,-0.163991703798112,0.0685051496356059,0.0996857397236195,0.030589829742059,0.139760107976382,0.0660929026089284,0.00403618184709891,-0.00753537267930688
"8","AD Hales","Overseas",-5.12883091383586,0.302548284055532,0.518345403463626,-0.665673378867467,-0.596324897283816,-0.412804275709734,-1.23944890901015,0.218709477807348,-0.48511437014691,0.173803718518823,0.0181906385168768,-0.0451889918791914,-0.0118065602800976,-0.00657773223697915
"9","AF Milne","Overseas",2.79462767116421,0.187575878523709,-0.201391366337324,0.0247162167138258,-0.342621902272489,0.251273582992203,-0.117944175294106,-0.00685754494779095,0.0899844193649942,-0.00692264621135796,0.062962565979259,0.0589401500614284,0.0118641451590847,-0.00572398953074855
"10","AJ Finch","Overseas",-6.67596883534877,1.46060365294728,-0.492589733476643,-0.419187396548281,0.431992897041649,0.982477882837214,-0.636222341086267,0.198873910717504,-0.531591445594933,-0.612969245723227,0.589656948096308,-0.150379907275953,0.0441351826653658,-0.0170683286502996
"11","AJ Hosein","Overseas",0.220207048441434,-0.957413864497318,0.540242559215363,0.261312365441911,0.122588916196,-0.101196360641174,0.25528881384143,-0.0803879734342873,0.165822891801368,-0.0706249815709211,0.106151593395239,-0.154911747170494,0.0123063909104745,0.00342059698051585
"12","AK Markram","Overseas",-2.45533130278046,-0.803483891302381,1.07185044421566,-0.0965084125399886,0.0155847587471048,0.466641844208126,-0.27949709006373,-0.231974148809552,-0.0629793169633261,0.204521622112735,0.0771660421910854,0.179789092883123,-0.033921606912226,0.0113289719313536
"13","AL Phehlukwayo","Overseas",2.25519127643547,0.165739555228459,0.961502349340055,0.0358296575606467,0.0805840614308172,0.0719075919439379,-0.031056527721134,-0.212827769556794,-0.0529323068503352,0.113852747427175,0.0750782846756678,0.138802719885449,0.0017681637492313,0.00184429763755368
"14","AM Fernando","Overseas",2.46864781694112,-1.41448465268687,-0.0863673271441006,-0.603042588038626,-0.110788564891471,0.717162633935189,-0.438066010136214,0.0484272337047178,0.238125216727032,-0.0490553738312217,0.0818603617973243,-0.00996711387664948,-0.00619483303390108,0.00543089538943628
"15","AR McBrine","Overseas",1.16351950349308,-0.854507705826788,0.100148803555743,0.0915244068532139,0.00237553958476246,-0.128771962222072,-0.0334220348874896,0.237326290896207,0.0348103324076395,-0.0222446585099704,-0.254130136958081,0.14404517583573,0.00926419826662391,0.00692396409826762
"16","AR Patel","Local",0.612531492383612,-0.754286282206878,-0.830925964715374,0.278457722621498,0.393039607594435,-0.10387402297144,-0.0517728451868709,-0.081273031303298,-0.450367993888374,0.0694291775012184,-0.121123943167407,-0.0717737695614152,-0.0160353142872289,-0.0187470640425862
"17","AS Joseph","Overseas",2.09067800069945,0.231320416105349,0.0752833391716664,0.198015649811882,0.0804751961960884,0.0448189168473969,0.0994116733209982,-0.39228197020534,-0.0690406000845898,-0.00498324327358773,-0.0219932918325904,-0.136033162107129,-0.000266404200245957,0.00519814080303718
"18","AT Nidamanuru","Overseas",1.98976854584521,0.714586745189361,0.216133033436345,0.345520783666016,0.0225304227056401,-0.0838765466748982,0.108593069449713,-0.0201607385999278,0.0560233768533099,-0.122784780011081,0.099745145856775,0.0644504375902558,-0.0499267375868942,0.0192903601551176
"19","AU Rashid","Overseas",1.92022715616977,0.123889016309912,-0.524461760168547,0.228240356550358,0.23865113576189,-0.31189442254733,0.097399904764006,0.210694829254871,-0.0564550005992352,0.0901597257512586,-0.151048009446483,-0.0316505920167831,-0.00999524576179679,-0.00985735341090037
"20","Aamer Jamal","Overseas",2.62612634814218,0.0400035398322038,0.0713869699181971,-0.0633580631231396,-0.153330458690094,0.322859880025355,-0.156463688086617,0.0193809721651216,0.0193515018335985,0.0246489014060853,0.0268720161663701,0.106846977779972,0.00630147104314271,-0.00236068397016457
"21","Aaron Jones","Overseas",0.88246316345211,0.608374568191369,0.254927823924715,-0.325944404810381,0.112128672911975,-0.345355581860548,0.0244160592784777,0.174971755767342,0.0493667006018995,-0.123141432108608,-0.105278161726076,0.113312223628775,0.0180837513461579,0.00722221947412653
"22","Aayan Afzal Khan","Overseas",1.57512348786716,0.346515705688466,0.334412128780179,-0.621359090861615,0.0841180098699544,0.0174671295607242,0.228790604742294,0.0479813769050519,0.0380881952537509,0.119930778296909,0.210592040147404,0.0798196967173757,0.00242052747800064,0.0015445145195418
"23","Afif Hossain","Overseas",-6.44759260806633,1.36146012405977,-0.33537596356648,-1.18552792931492,0.503562151515196,0.447565286616859,1.16617261774046,0.269017265580843,0.283311585140196,0.120015054995054,0.0643133983045139,-0.0962937766010256,0.111274406768079,0.00455489841049179
"24","Afsar Zazai","Overseas",2.05273303762541,0.5965206782164,1.14130853819708,0.242272068753821,-0.00112637216779609,0.058181118197811,-0.00879482989364844,-0.220125517995052,-0.217460601879202,-0.173104976874886,0.115750924161696,0.114648466878202,0.0278335480017319,-0.0112815236521139
"25","Ahmed Raza","Overseas",2.75296318309871,0.200241241929082,-0.248044464516403,0.0114159582564778,-0.210369615730656,0.243401837261203,-0.159340797887196,-0.00115116475610744,0.0119786252264435,0.042899502240991,-0.0255238317793981,-0.00794220910253279,-0.00201769334312478,-0.0016669174589841
"26","Anamul Haque","Overseas",1.01000865777343,0.729597653859896,-0.219876087597637,-0.218171741359646,0.052510049323858,-0.405411889949385,0.23110965531896,-0.122825747791836,0.0987181076617911,-0.0975202016341721,0.107119731123595,0.0847053756233907,0.0230347364055202,0.0018271791254706
"27","Arshdeep Singh","Local",2.75443221097023,-0.19571180800504,-0.671147084998932,-0.141450599170588,-0.184817380037637,0.493870573649169,-0.0829579198775653,0.116681393547485,0.035598646148572,0.038117769015608,-0.0992550511521945,-0.304181064270419,-0.0135757288910355,-0.00278043848859421
"28","Aryan Lakra","Overseas",1.74349457418934,-0.0997128857280033,-0.378349752353296,0.17612888015855,0.0666642264375463,-0.0228397324562167,0.135534324921429,0.0966636159668937,0.0789827810456383,-0.0528723537427498,0.0875925591760109,0.132157110535136,0.00924629160750493,0.00240290034643303
"29","Asif Ali","Overseas",-0.261185713540349,-2.23927837314892,-1.56884508179,-0.77416902529184,0.39183516603049,-0.248801849648027,0.185442750213125,-0.0369111286792132,-0.283886592074076,-0.0768811883908055,-0.186458851468405,0.170743143800232,0.0138910226284175,-0.0157121899798296
"30","Avesh Khan","Local",2.45237365403363,-0.903182105486741,-0.180641814788506,-0.302607611146437,-0.127791695668686,0.438200971744527,-0.159938654712636,-0.101286023884333,0.04404562893078,-0.06274914479828,-0.0635213570144439,-0.022999971453571,0.00779758592037375,-0.00194416419254855
"31","Azmatullah Omarzai","Overseas",0.325827105568668,-0.483210467484112,-0.743601774439595,-1.28492387848161,0.11912267823266,-0.303333192127788,0.136722379762854,-0.487788949545174,-0.0228662230727664,-0.0967367806920884,-0.25623374600771,0.017440884211911,0.0334411104885398,-0.000368236942007292
"32","B Evans","Overseas",1.63784100184252,0.14692367374529,-0.240514528038863,-1.39580072673887,-0.381918608301365,-0.13219259812993,0.147795570396107,0.0232723111997636,-0.153188758260897,-0.160857656685471,-0.0700134767118871,0.0469752375029084,0.0288403523009443,-0.0065380554313897
"33","B Fernando","Overseas",3.06809449469865,0.697809860430995,-0.360445214991361,0.117616724172579,-0.380189965703314,0.291954018021135,-0.116927875370711,0.0700040808378803,0.0888303870363822,0.0748139776717136,-0.0587321075949915,-0.0559894244442231,0.00272435471996602,-0.00233706510702776
"34","B Kumar","Local",2.47623272711344,0.605677309815049,-0.743421185030454,0.31251061922459,0.0266980522088512,-0.0625197348170113,0.16382939485348,-0.0593188792814685,-0.284359233896953,0.0419073276974822,-0.203457924463638,-0.199886164233176,-0.0166084087187341,0.000914168292469544
"35","B Mavuta","Overseas",2.96818783593466,0.674642472219256,-0.470533886016257,0.159694011465014,-0.303021331268094,0.18789276534169,-0.0672376740231559,0.0423369057885803,0.0156818064727305,0.0712280444382025,-0.0554440263986757,-0.0264083399339541,-0.000425175792113449,-0.00173147833806406
"36","B Muzarabani","Overseas",2.92195617572455,1.24562646734415,-0.517759303085442,0.416169515039641,-0.242369023642535,-0.0256654615717991,0.0838459798208305,-0.0885397045847144,-0.125856620313769,0.0758506842982598,-0.0859369767774173,-0.234426078864199,-0.0142959998402185,0.00201220996048569
"37","BA King","Overseas",-5.446734392618,0.997656278618218,-0.0390125230117512,1.16626450530004,0.432737706774273,-0.210108020295295,-1.27102017739322,-0.816515852432223,0.526206184575766,0.0507366780688342,-0.277312024976741,-0.0594037823929492,0.043693638672189,0.0155444639460545
"38","BA Stokes","Overseas",-0.427693393194223,0.770685337696431,0.914044517917399,-0.214318839006687,0.519790434425334,0.157655572460116,0.0294321511618231,0.429582988400835,-0.345158486472512,-0.464977995175873,-0.0439078470124269,-0.0456550189544192,-0.0081135849221054,0.00299614226723955
"39","BFW de Leede","Overseas",-5.0312593637086,1.38285097553013,1.0602886555493,-0.725086243049855,0.546102952055015,-0.0935075037983153,0.0458516148017165,0.0579190507525977,0.284359946873677,-0.570599059556293,-0.191361465654192,-0.411377982278573,0.0311847114345992,0.0136871639668827
"40","BJ Dwarshuis","Overseas",3.24738335760453,1.5967483736518,-0.380915655413502,0.431921479030943,-0.474453716597585,0.0977854011600943,-0.0121097155919047,0.0699923445238252,-0.0184848134970554,0.130088999230018,-0.0449411197500794,-0.0983074619764394,-0.00465126091880995,-0.000294061112821565
"41","BJ McCarthy","Overseas",0.35504948191472,-1.33931903177705,-0.446883854150426,0.197275278261713,0.295600699685706,-0.215192099114648,0.322075459952073,-0.172178396644692,0.054176058849875,0.0837269695922489,-0.126749694022063,-0.211432298758387,-0.000162372790437608,-0.00374302620470933
"42","BKG Mendis","Overseas",-6.68287010815337,0.799547579268084,-0.34314206528838,0.730431480285032,-0.325679319904579,0.506078008833523,0.310349197161903,0.430689843332303,-0.333938065382762,-0.50502051672607,-0.145189204916121,0.181978381234308,0.00396780301055971,0.024065724835127
"43","BM Duckett","Overseas",-1.41135672005441,-0.252862146372723,2.30351875325023,0.357213107403666,1.01846998176087,0.334379328536006,-0.395533248716372,0.152373865604193,-0.25208338828012,0.772298534261097,0.124199195760398,0.0255286506405163,-0.0619454215128192,0.00608545476264001
"44","BR McDermott","Overseas",0.616571318383662,0.352750768920015,0.921683633413793,0.459933250360258,0.191650525817129,-0.235096289055994,-0.082390078369821,0.444400908622447,-0.0452407909271972,-0.348721248767474,0.00420548885443831,-0.0651528274943003,0.00840580983258629,0.00572181412222073
"45","Babar Azam","Overseas",-10.2599678545102,2.47021649212721,-0.782644160410111,-0.390678837359721,1.37430768012377,0.165819810518329,-1.27159805716997,0.516875332374901,0.355162331790301,0.657594313386569,0.0194465358499381,-0.285279130880137,0.00167326456432311,-0.015900723689024
"46","Basil Hameed","Overseas",-1.01034901270066,0.0683970864146152,-0.986862456794809,0.833762102984533,0.87860913054504,-0.22236872757286,0.649798439757519,0.499131124831513,-0.255869779018544,-0.147749212859367,-0.161301442238927,0.318806924935782,0.0459926481531007,-0.00192931127954561
"47","C Campher","Overseas",-2.95849127639627,-0.0565303540653118,-0.314903936454773,-1.41488512748425,0.512445886264267,-0.55620041496254,0.540317009338304,0.47859011048435,0.210910541494021,0.3580323420349,-0.214007423172751,0.0866124648791858,0.0298591551138993,-0.0046878689981591
"48","C Floyd","Overseas",3.10327126716465,0.70708122391973,-0.432312911183419,0.117048813336117,-0.402004749863511,0.301676633145028,-0.128305171455486,0.0859507713155663,0.0926676101629856,0.0770756881240791,-0.0502323639073523,-0.0645911005728326,0.00125412449804996,-0.00244938719765385
"49","C Green","Overseas",-0.463000915392416,-1.2389370015852,0.526720176132288,-0.371954367585154,-0.301681140420711,-0.795086369915831,-0.295100083639192,0.150243256186582,-0.037706090117856,0.196061569351672,0.048608513555572,0.126575857161714,-0.272569247503917,-0.0677117859530841
"50","C Karunaratne","Overseas",-1.42864989063467,-0.209779309509888,-1.24595640818888,-0.749308003697409,0.591368332075088,-0.486403853159828,0.684270952350822,-0.404761535805937,-0.348993738967242,-0.131723015977918,-0.0233703757798398,-0.486732103298503,-0.0102765818786149,0.0120327606124065
"51","C Madande","Overseas",3.05510628703239,1.41424358340228,-0.340502237723989,0.402197948899808,-0.367395334659829,0.0352549333344512,-0.0201453084380875,-0.0104861249538252,0.0434050663534453,0.0500036865236621,0.0423799197983804,0.00022353228959146,0.00703151319100458,-0.0044898539109027
"52","CA Young","Overseas",2.67581426759682,-0.205738651862469,-0.830667928394885,-0.0889428464365113,-0.140734894810753,0.270512316650206,-0.131129441106038,0.101703832351183,0.0574509791279003,-0.0158126631411917,0.0537843483139663,0.109050695970012,0.00126993259344486,-0.00329086503465008
"53","CAH Stevenson","Overseas",2.59720712357873,0.808412248691524,-0.415027229564028,0.282354199030704,-0.0887859311707259,0.014594485885266,0.111426916102598,0.0863102244049688,-0.0125382045129697,0.0511449002734557,-0.00580654902163502,0.107909381712345,0.00199547957928385,0.00425267741653267
"54","CAK Rajitha","Overseas",2.79422368553277,1.27117867656533,0.102990911612613,0.34738627328688,-0.23352268768975,0.0884093290995233,0.0109246488420295,-0.128007614411511,0.114849290415681,-0.0474047693743442,0.0987344847628175,-0.126996554278816,0.0184519519174255,-0.0124490851343127
"55","CB Sole","Overseas",2.92682787311461,-0.168465290006098,-0.489944980384803,-0.19888246685165,-0.318457130911264,0.541689966349277,-0.230614207812631,0.132976703416595,0.185725520785293,0.00765800506754938,0.018558308887774,-0.0547975710789526,0.00320569255759651,-0.00419641121029308
"56","CBRLS Kumara","Overseas",2.93432019767542,0.671051356040866,-0.282406290379277,0.145721465649691,-0.311093646062931,0.178192365644685,-0.131694581642505,0.0216943740527437,0.0514394356880595,0.0849965220011794,0.0431579935409948,0.039932849370815,-0.00133152473022427,-0.0010839009283576
"57","CJ Jordan","Overseas",-0.00333277406780735,-3.01240857718583,-0.54494566761682,-0.433067531094456,0.258600063473798,0.596040927226832,0.024414722547278,-0.0317906098663728,0.160766634032758,-0.0408273378140517,0.134834108281167,0.011180589558203,0.00917787075562043,0.013655820882863
"58","CN Ackermann","Overseas",-0.885921854054991,0.607535605044873,0.606775052496693,-0.805712078727819,0.189906681729007,-0.55360063225787,0.337907676632771,0.287730482250149,0.193385647208681,-0.0350023000514578,0.0605816648248087,-0.0491246890721848,0.0264259747767217,-2.11834748981983e-05
"59","CN Greaves","Overseas",0.763977645593255,-0.0455636513538456,2.12566365685116,0.234729160803142,0.521831222860155,0.165188662464464,0.456144816082023,-0.643662378406926,-0.312936720935307,0.138337697899333,0.383365121810965,0.0289096240865102,0.000611579566031415,0.00877239049491301
"60","CP Rizwan","Overseas",-0.482605264365708,0.46832465548484,1.25570253645126,-0.233979321949351,0.563810167850221,0.107332363497359,0.537836914307567,-0.0282127899511369,0.0709150899322868,0.0801422173016765,-0.211156241511182,0.114183279533762,0.0498341698622188,0.00640101870196251
"61","CR Ervine","Overseas",-5.12281420749515,0.859081159302676,-1.67088055049844,-1.37453129412429,0.412155262304592,-0.898470637657891,-0.821645426337016,-0.187607528498314,-0.632420343079004,-0.481412245339639,0.0989301716205869,0.0729516904974571,0.019995432825308,-0.0129869778681957
"62","CR Woakes","Overseas",1.90206464096432,-0.968541358076149,0.927267987683768,-0.270017915039124,0.20584218151095,0.444352366104743,-0.0784623202396992,-0.641276338380764,-0.246875976367025,0.00509263155164075,0.0864902128875269,0.0874921670742943,0.00501340117097968,0.00366947408934142
"63","CS MacLeod","Overseas",1.18897973856667,0.0509411970247336,0.590813095017382,0.188025116072909,0.346412018723008,0.0442868227726466,0.0250701433608554,0.0420319363003273,0.133263756594242,0.161538190383766,0.0402566426924792,0.149992125985975,-7.96341292591571e-05,0.00831573061377334
"64","Chirag Suri","Overseas",-4.89844323335503,-0.936747471071269,-0.221102847167337,-1.34674591987802,0.29715860495558,-0.547016373781896,-0.814009191471108,0.0398893503158898,0.752639347648754,-0.000133927515126253,0.356385889565495,-0.225678309030973,0.013460426597207,-0.000408147555659782
"65","D Cleaver","Overseas",-0.277721431320707,-0.0767169080201763,1.59616553942671,-0.293096377838429,-0.0596179592232766,-0.604885801413628,-0.204065306440735,0.651659352888546,-0.0903340909540951,-0.371723605358739,-0.0286574148938644,-0.115140086552339,0.00907480506839897,-0.00228514619428971
"66","D Madushanka","Overseas",3.16087319213079,1.14592690916927,-0.370858008245128,0.27402726698518,-0.425728861538261,0.192123456689839,-0.0589890928925709,0.0674828742439654,0.0410766956812047,0.107228174806876,-0.0500554861377396,-0.0777143320117709,-0.00104252458304724,-0.00127079305339177
"67","D Pretorius","Overseas",0.872891539102849,-1.33993156185672,0.0978580875105192,0.0788727260810091,-0.263866957745352,-0.0070215443065552,-0.211477144555831,-0.146911778195651,-0.0484177870456164,-0.0315879745014245,0.181722632448107,0.0408607958705612,-0.000267365820869685,-0.0043463822991026
"68","D Siva Kumar","Overseas",2.84364583124406,1.06379690903481,-0.0237471556335225,0.300404775011348,-0.256621891157926,0.0380969055227922,-0.051787211194,-0.0779450064469818,0.0341739700598339,0.0593638625295537,0.0596761292668789,0.0274551474140871,0.00191750825199573,0.00112151788356115
"69","DA Miller","Overseas",-3.98412796621909,-3.17666270744496,2.84477617319797,0.595918831174867,-0.357567508684775,0.283257014935541,0.396495279817471,-0.0867818679160941,0.120961453134982,-0.276626581987379,-0.339911246083394,-0.266000263312827,0.0941678840462706,-0.00208204114171732
"70","DA Warner","Overseas",-3.82606027879702,0.364812061149099,0.664142660403038,-2.81301700730534,-0.237270112480515,-0.690062577359501,-0.727316261541535,-0.134896305923777,-0.161381395043689,0.761653346995749,0.121148106436591,-0.0514594531944303,-0.0468289911817982,0.00873020848846971
"71","DC Drakes","Overseas",2.55156011119121,-0.227257188378546,-0.663061190128722,-0.0698342114460328,-0.109070002110412,0.17714827914394,-0.221273535401236,0.0123537082289885,0.0847317115598367,0.0256884900012027,0.0569446857107374,0.0970368926251754,0.0034729086219201,-0.011931251781002
"72","DC Thomas","Overseas",1.49945653215042,0.00968020840745779,-0.186419276924005,0.28446463679333,0.0864118230584766,-0.305587206738409,-0.0103938630784158,0.273913220353428,0.00807945012413944,-0.0954484145006308,-0.00147735857187185,-0.016593158579002,-0.00884206905730072,0.00343686381456475
"73","DJ Hooda","Local",-3.05708545989374,-0.145171160888228,1.55255303613628,0.413269752160851,-0.207376812554481,-0.655134723643733,-0.368330016091054,0.852671061179644,-0.124995149411555,-0.152765416998907,-0.272674478045826,-0.109689455945868,-0.10871695760835,0.000646875282925368
"74","DJ Malan","Overseas",-6.56804910032061,0.638725338615792,0.0274195126869251,-2.7083557167933,-0.906944303259627,-0.546675978640657,-0.517725688985086,-0.472305426404518,-0.10929216462402,-0.145090224279771,-0.291509195817638,-0.103497480243918,0.0913263462671077,-0.00379270800954983
"75","DJ Mitchell","Overseas",-3.93361667915607,-0.0484701926236194,0.475496119294367,1.05497008701248,0.70018201106936,1.97415709440381,1.01193181421526,0.800542364430463,-0.600136690142577,-0.125492268134153,0.0902544195666012,0.158555835094779,0.0925461298678194,-0.01104123743624
"76","DJ Willey","Overseas",1.69014392484612,-0.0521031560895911,0.816938100309486,0.214161688795899,0.106777468229695,-0.32548302809343,0.0541509112087599,-0.203014229898979,-0.0641476393665892,0.0999034865347403,-0.0786268379602741,-0.157430044471376,-0.0168258848110728,0.00719425755884325
"77","DL Chahar","Local",1.88611052546847,-0.521038085434073,1.54569452440072,-0.0286189628917441,-0.0403930907726985,-0.0142831279030339,0.073954209535705,-0.393237422227837,-0.105299647189551,-0.00371333941334911,0.132736518057131,0.184093793684036,0.0134275743157773,0.00640355802671236
"78","DM Bravo","Overseas",2.08575741853407,0.251376159494554,1.16998261735873,0.151390169827772,0.108734942682772,-0.0209689147903815,0.137243960456215,-0.446788295875665,-0.0950995433720864,-0.00932346588957711,-0.0513100638724166,0.113272338997963,0.0216227668017202,0.00431983903662051
"79","DM de Silva","Overseas",-1.8568707129189,0.94770877393561,0.413157731657986,-1.33014069758058,0.0722295683026184,-0.567832507617055,0.0203597877360445,0.454694570749002,-0.289209742419687,0.0175031530059788,-0.206225705013628,0.0772882817929353,0.012796753305699,0.0072417470893459
"80","DP Conway","Overseas",-7.00583381544561,2.0511879457067,1.30724274332899,-1.80044738987257,-0.187068413232164,0.494314377513725,-0.202735324916554,0.0574098334646024,-0.224287342194627,-0.493102408035372,0.139645174493729,-0.241826980439605,0.114047679362452,-0.0113058970986271
"81","DR Sams","Overseas",1.57184442920292,-0.419232377153659,1.00626076331245,-0.00324013486243381,0.195717159617693,0.150269520122636,0.138188454148816,-0.265514218972354,0.00773089922022502,0.0649618162936253,0.148579424474746,0.071079635022176,0.00988236622629022,0.000494710434928442
"82","DT Tiripano","Overseas",2.12204020649328,0.637442022130802,-0.0521832884018646,0.279766760044567,0.125863053687045,-0.07589008815472,0.124148153552964,0.0202367327316564,0.0712190934734901,0.0295827280187934,0.0141971833541795,-0.00975267049730934,0.00135442765388174,0.0018846795877678
"83","Darwish Rasooli","Overseas",1.45908397494158,0.457450750057976,-0.203081378038254,-0.444566275966935,-0.073595945456755,-0.03053299927945,-0.0169750983142063,-0.198421466266299,-0.182421808388182,-0.199912001158978,-0.0479287756103041,0.0710753302629561,0.0259198203244557,-0.0028797621616839
"84","E Lewis","Overseas",1.93186341515934,0.596432654824828,0.168363862678696,0.304065695547764,0.0420417023037469,0.0796268478534781,0.00779645823355349,-0.216378770495083,0.0397379051894271,-0.122247695564068,-0.0286039188221862,0.14966977136504,0.0371007988127905,-0.00752766537116051
"85","EJG Morgan","Overseas",2.0709131077033,0.567589439373836,0.351648543466999,0.253527460827614,-0.0293134527414406,0.0484910232003701,-0.0508822286901395,-0.207482695959349,0.0771175221936611,-0.157059388917184,0.182547614962744,0.0331625114230846,0.0254386397111318,-0.0105489603977427
"86","F Hand","Overseas",1.60170540767753,-0.843808333861197,-0.153248159848221,-0.0343342461272137,0.0552162059144438,-0.287472852866856,-0.122540734220786,0.443210246310039,0.17902716875896,0.132165332891454,0.0244904668784682,0.080385635028913,-0.0228054546356765,0.000892344564775501
"87","FA Allen","Overseas",2.42920157554037,-0.00534025841184289,-0.158152699157882,0.0422205463960374,-0.138102332147177,0.132049296174459,-0.0232804556008083,0.00968598119177211,0.0192199919981335,0.0242537566691483,0.00236813345444069,0.0142223008867105,0.000390033841897031,0.000237627081911435
"88","FH Allen","Overseas",-5.1387275698273,-0.517091781206207,-0.335040565126556,-0.237385908105461,-1.57851056583321,-1.56863446306864,-0.334385625574478,0.617527819120825,-0.554575435180803,-0.224781615870105,-0.00610963310994567,0.0809555028702968,0.00616604472365519,0.0184864909806399
"89","FJ Klaassen","Overseas",2.4034333929012,0.170517297058492,-0.802946518735269,0.141458806237109,0.0663189149628342,0.0282370618358678,0.168264347630869,0.145902925134014,-0.184815535740397,0.0665430678385289,-0.036570085331552,-0.0241451919418149,-0.0113430395182408,-0.00619704440963209
"90","Fakhar Zaman","Overseas",0.0426593952130213,-0.165787603873818,0.00145544800945176,0.416952843690412,0.455075632732345,-0.39116869442992,-0.42315635821113,0.563228161013173,0.0501081589242119,-0.247068825962612,-0.15228669351351,0.106536353363797,0.00596818835056039,-0.00719855417416215
"91","Fareed Ahmad","Overseas",3.02256480803362,1.1521236437995,-0.397200544953848,0.300010380548654,-0.345037823378849,0.17231250547459,-0.002833426889987,0.0397037021773031,0.0306989447677351,0.0641415195034477,0.000705396029940991,-0.200928641853928,-0.00387078909411392,-0.00465096226975635
"92","Fazalhaq Farooqi","Overseas",3.20970352177368,1.58361234119068,-0.437344752071419,0.450763703237531,-0.438145802984914,0.0279763674879497,0.0147788914667957,0.0704660907584541,-0.0365576187254772,0.142760129871767,-0.010197810266613,0.0209160337360923,-0.00209689272239382,-0.000456425261712371
"93","G Singh","Overseas",2.20790929617789,0.452615303705533,-0.406234627747296,0.276585019026912,-0.0637005830437636,-0.0592536664758927,0.0141322000364488,0.0390579115208589,-0.0599979198199866,-0.00520171823599191,0.0701375530836257,0.102865189081169,0.00225552496971904,-0.00332015940082956
"94","GD Phillips","Overseas",-8.38028334087963,0.51874526131085,0.973725985314724,-0.0301823922523638,-0.804707256217071,1.60619524072831,1.03064640794593,1.27613728164246,-0.458419282916217,0.188280770278212,0.461388572197259,-0.0325979919132694,0.106624305641058,-0.0116205908412984
"95","GH Dockrell","Overseas",-4.3558698266547,-0.538888732500243,-0.531704278196878,1.52821618165733,0.597808156039088,0.0743136094277887,0.532657697871912,-0.396360378282569,0.117429881347492,0.706855726028375,-0.345614043339491,-0.290154562271026,0.0078209256487473,0.0145052727804909
"96","GHS Garton","Overseas",3.0524848700782,0.984005208466097,-0.379139740070781,0.244715991869094,-0.360014478257492,0.152027880103839,-0.0596700084724024,0.0540697795751665,0.0355516113516092,0.085773843780227,-0.016441150122202,0.0487443669586435,0.00415744809395803,-0.00159825502453941
"97","GI Hume","Overseas",3.21185856044866,1.58314098835,-0.434907027078359,0.449623619186531,-0.436804514172103,0.0345565043178714,0.0201703507045932,0.0758798029011472,-0.0380965313315488,0.151479918220025,-0.0297391190112407,0.0298898552954027,0.00623558227125776,-0.00246601755764471
"98","GJ Delany","Overseas",-3.16973147590063,-0.353105182491476,-1.63210120090288,0.48539077216695,0.884243860783493,-0.453280551919917,0.867604023178576,0.369171054109538,-0.560445296829431,0.0534126051685943,-0.0758162527276052,0.111061217401249,-0.00188605850924582,0.0132332808454514
"99","GJ Maxwell","Overseas",-2.87216839057752,0.00695484048809419,-0.525762822980401,1.12387715659498,0.627542484951625,0.48506533738024,0.476688356335654,0.711235497779603,-0.432592911914311,-0.147322235359657,0.405872366464808,0.0375171809462851,0.0111383106675425,0.00683051563175627
"100","GT Main","Overseas",2.69599595288398,0.734041705383581,0.35731465118381,0.180978356632084,-0.184745763753747,0.103978776223847,-0.0890265954305112,-0.136625122480762,0.0336898896123484,0.0866153302970258,0.0293826349691776,-0.0555221483087392,-0.00270116239893491,0.00163982016314325
"101","Gulbadin Naib","Overseas",1.44447443984409,0.0208644779515106,1.18221596928424,-0.624306103679054,-0.0712872279679699,-0.24389019868457,0.231095405457385,-0.0746196801776128,0.0483913131093497,0.0435056342528893,0.0216021529496833,0.135672518320742,0.0209433944553616,0.00364742206046153
"102","H Klaasen","Overseas",-1.53012779256525,-0.769023550031927,1.15093373251528,0.669281997251752,0.126904631550296,-0.385581560035959,-0.135813408964087,0.570525306424926,0.250527092237353,0.27206875248689,-0.145339105262497,0.042342347539247,-0.00623582407956467,0.0103968463533195
"103","HC Brook","Overseas",-4.4269567785675,-0.978948175568362,-0.027443907757931,-0.391979631866864,0.0395252618116972,-0.161092937569396,0.160468603134137,0.287803818348986,0.183220066249847,0.0310233018922452,-0.323092980709722,0.0585084087758819,-0.162835358946449,0.0358786360110695
"104","HE van der Dussen","Overseas",0.152307650337847,-0.134969918331673,1.09385415587606,0.540478646000973,0.0230422707308556,-0.91095382542689,-0.446001960430077,0.54783268848381,0.249461851013987,-0.321974036204206,-0.311491458976608,-0.105109801822437,0.00312909662031437,0.00839244077875763
"105","HG Munsey","Overseas",-0.586590694182286,0.234844045293055,2.15513195835257,0.458472621203792,0.867827896720879,-0.314986475618267,-0.49158402007502,-0.369225420213742,0.32739977316869,0.162658348166911,0.0337366762793284,-0.0344010248244422,0.0213573268526819,-0.0269303272169308
"106","HH Pandya","Local",-6.85182128195371,-0.357887087751309,-0.420146981513405,2.28499878676887,-0.334146410997586,0.737325483052899,0.233264189276229,-0.11449718069585,-0.229016702818929,-0.0180772238979118,-0.302684754108088,-0.0693314006436498,-0.0971400349458802,0.0724521943095149
"107","HR Walsh","Overseas",2.7146126458137,0.42522358320847,-0.329493104597495,0.138925355535277,-0.322938048676531,0.132733937437979,-0.0595498044220907,0.0697866848269471,0.151671044194303,-0.0359779484625035,-0.0912561221973418,-0.285454315004042,-0.00327059499931875,0.000854130023235343
"108","HT Tector","Overseas",-4.43497382751291,0.390141244585088,-0.93183749363223,0.755610255047298,1.23870943583355,-0.14553110061183,0.79805692809317,0.00346744021356939,0.466767489127712,0.504830488398377,-0.676757467374793,0.208141468746774,0.0907201679142748,-0.0076964431502597
"109","HV Patel","Local",1.24290906889688,-0.907932567949551,-0.331352081136655,0.040367069917504,0.293598617707089,0.0101972263753832,-0.0413183476701069,-0.31048309696704,-0.21746571354518,0.110577938398127,-0.0901295461898437,-0.113013435980756,-0.1200976243016,8.36139705844702e-07
"110","Haider Ali","Overseas",0.175889026786466,-2.95989188771872,-1.20465668005792,-0.460518019927987,0.524585388202388,0.225905778642244,-0.102210321763399,0.334278020154458,0.146457936911435,-0.236352092443335,-0.0135935809552034,0.235842035730533,0.0092045015939458,-0.000341069705169476
"111","Hamza Tahir","Overseas",3.07542583698584,1.13347894407021,-0.232508380559646,0.278344696394188,-0.377794881956825,0.168816987827189,-0.0434075817603127,0.0218993038035186,0.0498959349598758,0.0843154294875256,-0.0505669966942583,-0.0708199711844299,0.00227545825736972,-0.000738671499733938
"112","Haris Rauf","Overseas",1.12938131792113,-1.94907783088564,-1.12351691910386,-1.05745365897741,0.0215060241291684,0.0792318974283953,0.0338883367066259,-0.119485618205512,-0.200604908302269,-0.0317448375600938,-0.0256618053196643,-0.108448847488313,-0.0076554430707254,0.0037462202751896
"113","Hasan Ali","Overseas",2.42378090989341,-1.43711670846919,-0.545489215951398,-0.497609252157266,-0.189205625957283,0.479638992763055,-0.373143674310547,0.137027230238686,0.282480297787979,-0.100913581324448,0.0656957147109975,0.0944459853195413,0.00766095252793833,-0.00429288574444525
"114","Hasan Mahmud","Overseas",2.28444869789843,-0.912658863425485,-0.950652294705759,-1.07255115741309,-0.23409594572336,0.280786098101311,-0.16777146196378,-0.0635375171260039,0.00728580034048365,-0.105950936668003,-0.109963125057408,-0.139072827012191,-0.00224728243977217,0.00123502165095527
"115","Hashmatullah Shahidi","Overseas",1.54258692029096,0.508520574520291,1.43093269282123,0.258388664351309,0.375924907280265,-0.221632432204318,0.0568178183988177,-0.363203273806269,0.149129390729485,0.0153199119393104,0.105256834577445,0.0985359097742348,-0.0615855799328489,0.0208367915249632
"116","Hazratullah","Overseas",-3.29458828700279,-0.00696860786027267,-0.0400387038172648,0.50857504624079,0.0749628382711017,-0.516307267706673,-1.34385288763591,-0.563622239130913,-0.0482357401389157,-0.338423696329681,-0.0614491008851601,-0.128509829826378,-0.118485418494464,0.00836681406433495
"117","I Kaia","Overseas",0.084332983092157,0.834069528453034,0.189174837103927,-0.0951788628993516,0.381074966054067,-0.656112851210571,0.318299289364232,0.278875521625582,0.474979799421794,-0.232438506026582,0.0654416016387981,-0.0150023740878228,0.026708799820709,0.0212488353215399
"118","IS Sodhi","Overseas",1.46119783146174,-1.05246298472247,-0.897372761198242,-0.822303384909938,-0.0616427706067889,-0.206373230837559,0.0477880198807175,0.0925608358216471,-0.150877024590803,-0.059662813340698,-0.217865479908853,0.0800347128037615,0.00622450004476181,0.00202894467355807
"119","Ibrahim Zadran","Overseas",-3.74287315169877,0.734700055670666,0.725664695252723,0.465645937492876,0.939012357802226,0.300658132219496,0.385559633129328,-0.566791555660075,0.991205497290336,0.0603094179871553,0.182164336935732,-0.19509913923725,0.0911225322503042,-0.00244058030937888
"120","Iftikhar Ahmed","Overseas",-4.57676889595103,0.739241876148434,-1.06051268762139,-0.485402572162992,0.0944497036838243,-0.438456111302341,0.812188613600943,-0.681557214459928,0.264960547661653,-0.0521021324852776,-0.395824190432313,0.184227057264167,0.111729399542012,0.0234395853958812
"121","Ihsanullah","Overseas",2.25598786758444,0.0568617472785062,0.795044835708781,-0.00225886943404709,0.0111527294833177,0.13884600468845,-0.201237923964175,-0.150150447638209,-0.124679809218595,0.0686166000835478,0.140999868474666,0.100799614122748,-0.00933913140216496,0.00163077065205888
"122","Ishan Kishan","Local",-5.34331539735834,0.0776638486065067,0.480780311175375,1.5975773061792,0.207618314295853,0.166681788759379,-1.63675951981643,0.367829889441208,0.0992810679455745,-0.318247710804525,0.377244924743137,-0.143882191341443,0.00879385758638716,-0.0171496803048635
"123","J Charles","Overseas",0.355074810358367,0.513963869494893,0.932523168270256,-0.998687636593867,-0.287510853052051,-0.504410757905117,0.143534782042021,-0.153580319432446,-0.0142001690124589,-0.0995530986293288,0.0855827880138499,0.0687559616717929,0.0253878825191944,0.00924201111626041
"124","J Little","Overseas",1.90241911819384,-0.360237635189519,-0.0268402889034939,0.0482032780880487,0.206582167576588,0.132415576293209,0.0423046946032321,-0.59399695200811,-0.159052822249645,0.00751840007806248,-0.13495529151439,-0.243623039656838,-0.00737758367982689,0.00570686452872918
"125","J Liyanage","Overseas",2.05215291254436,1.02776007494967,-0.198361554539158,-0.396810020889854,-0.144061685924661,-0.0632451349428029,0.189599947334973,-0.144130781786602,-0.00152802523470424,-0.107753510582963,0.00328259153131454,0.110028054219592,0.0339454336900123,0.00393445866680531
"126","J Theron","Overseas",3.10327126716465,0.70708122391973,-0.432312911183419,0.117048813336117,-0.402004749863511,0.301676633145028,-0.128305171455486,0.0859507713155663,0.0926676101629856,0.0770756881240791,-0.0502323639073523,-0.0645911005728326,0.00125412449804996,-0.00244938719765385
"127","JA Richardson","Overseas",2.74781952476145,1.172853798525,0.187120977180842,0.324854049667019,-0.264135755925768,0.13919914492511,-0.107139919267412,-0.0793971084980611,-0.0312146156278302,-0.0944111431163364,-0.072042813304949,-0.0499249776758926,0.0139398178197746,0.000372254948791719
"128","JC Buttler","Overseas",-4.81621405761554,-0.718995799941264,0.153565492155799,-1.7831089961003,-0.979987941459028,-0.365243994221114,-0.686774300503505,0.299225939228709,-0.569848827296491,0.230264528721046,0.254842955331338,-0.00985123885116092,-0.0142532257424768,-0.00271397700121662
"129","JDF Vandersay","Overseas",2.8788674015546,0.0820050607042686,-0.23191637695022,-0.085992461599084,-0.294355676775563,0.382074879177357,-0.222590357991767,0.0362756144663513,0.132525983645437,0.0547381750542058,-0.010498622268969,-0.0457322797058369,0.000173791105667193,-0.00254736457846196
"130","JDS Neesham","Overseas",-2.270817889618,-1.92681529119819,-0.609459979841944,0.623903965548707,0.0497726238004705,0.911786528708099,0.696287493667763,0.120679201939338,-0.856194225083662,0.134491119640273,0.258639846131191,-0.206954560429336,0.0040834704029415,-0.0177295841341574
"131","JH Davey","Overseas",2.94333943494608,0.39405638876355,-0.260679207617206,0.00943688786263749,-0.309329318997898,0.378747993237815,-0.110656123534331,0.0855862526891384,0.0982673982017934,0.0555974493496274,-0.00919732600719364,-0.0482191997870655,0.00283227262890863,-0.00260529308496102
"132","JJ Roy","Overseas",-1.64336330663898,0.0727705846442856,-0.297153264872317,0.307981104052815,-0.155785789538946,-0.726115897982898,-0.355535363939605,-0.244519603665138,0.165477568262535,-0.641613169242286,0.151611213242704,0.0122937644763735,0.0340306206339251,-0.0146962141868023
"133","JM Bairstow","Overseas",-0.498942562152336,-0.411114073005009,3.12401112223462,0.471372578918344,0.190046182682237,-0.518297802713532,0.23310448129509,0.18109467926953,0.161188951649312,-0.230282352761413,-0.0320476036020966,0.124558992505657,0.0644925624247158,-0.0158854338563103
"134","JM Vince","Overseas",0.336846836923303,-0.393776205606042,0.968277144986277,0.321611667595829,0.143433159106345,-0.253216896249451,-0.0138209198426126,0.316832197921329,0.176115460986315,0.187832255985768,0.257549825549679,0.0179458341288959,-0.023546320129282,0.010697480759981
"135","JO Holder","Overseas",-0.423083370768334,-0.518461190738016,-0.817877605660301,0.718228164592681,0.382708228947137,-0.597430040464671,0.604058110096226,-0.0822063527273109,0.233228029324955,0.130254051308294,0.0949314141978455,0.150009560515971,0.0190576248387661,0.00136762630660036
"136","JP Inglis","Overseas",-0.414567591225267,-0.200590097913337,0.444523546313431,0.387699318781027,0.578920285737365,0.339919401423956,-0.22625494835389,0.143439318918751,-0.18056390091062,0.266887119539114,0.0675906703590741,0.135693743300349,-0.0124277157587203,-0.00292488902303792
"137","JR Hazlewood","Overseas",3.0017846986764,0.698583845259421,-0.44245230258374,0.135243719967075,-0.336965632750016,0.299822175881282,-0.0618642472258594,0.103220042326136,0.0232736985252702,0.0785404985813423,-0.0528961331748688,-0.155899276248669,-0.00623225600699135,-0.00176348850746032
"138","JS Malhotra","Overseas",0.593491513837088,-0.0250349942986066,0.90736996028501,-0.348543056451215,-0.190190999366827,-0.569613686201782,0.232406106037236,0.381941197377527,0.109636971185692,-0.269632788577406,-0.221323459014505,0.0116845567607333,0.0395422541062858,0.000120894518863888
"139","Junaid Siddique","Overseas",1.44733254083896,-2.15331605172549,-0.143506815558394,-0.51896707631621,0.150141121692398,0.546582581671344,-0.0406631391752514,-0.122319919550394,0.0865909950452849,-0.0518605555834509,0.0741703658970051,-0.0580606267338895,0.003671741872682,-0.00337016048154835
"140","K Mishara","Overseas",2.46837911229691,0.487960386659173,-0.379244817049309,0.187278040341108,-0.0793843580301499,-0.0288776762911243,-0.0439741571999468,0.178024950412824,0.0289758990242508,0.0568558830332813,0.100293023995527,0.0395877325728803,-0.00806772954784014,0.00324372607539186
"141","K Rabada","Overseas",2.23985067683252,0.52848744279443,-0.303087482793465,0.241478304431866,0.126169549377128,0.0767094796660795,0.191737104418646,-0.0983543032072568,-0.0738603692012026,0.0604903362899983,-0.0648751082284197,-0.0218384160884472,0.00205917514505698,0.00107207727481568
"142","KA Maharaj","Overseas",0.982090908861383,-0.125541966630584,1.07659055431126,0.363111239542155,0.145211117164722,-0.418338205530842,0.217997727270223,-0.367152653489262,0.168073635399083,0.000119643574587547,-0.0211042040714281,0.0796309082259028,-0.243761077692937,0.0421891655340233
"143","KA Pollard","Overseas",0.231516999796065,-0.801570222598855,2.34307985812941,0.0864823577021477,0.784824358383739,0.206884531662183,0.34803542679349,-0.908294461030401,-0.483594105717331,0.0299956971958845,0.0352850909099152,-0.0828872990287135,0.0232527820201221,-0.0116654830460851
"144","KD Karthik","Local",-3.02787075493895,-2.97275830593315,-1.15842330944319,0.493382275708867,0.474297876347574,-0.221903855021187,-0.475837154260669,-0.173611123548524,-0.163042344676109,-0.0131023397753704,-0.370950134236242,-0.361717812824859,-0.00959701160507043,-0.0174433207224609
"145","KIC Asalanka","Overseas",-4.26893547601245,0.102976229598269,-1.30405403116629,0.516931378378778,1.32139932197693,0.107811122601046,0.401713418921255,-0.0423386175368547,0.273958499128114,0.00701288150068247,-0.00616412029939069,0.0720893270048308,0.0675643246063179,-0.0197776926306166
"146","KL Rahul","Local",-5.07718125421115,0.279616509519617,-0.180857836738419,1.33992251070644,-0.976499937980101,0.223449246574156,-0.0621438658054361,-0.279792739144089,-0.216132142186399,-1.03211234682433,-0.0162015076420449,0.156884134062836,0.1545664959184,-0.000954904966217512
"147","KMA Paul","Overseas",2.33829415408589,0.644638303190467,0.744699590429869,0.227648712004968,0.048872283209622,-0.0723648700010594,0.0325339696271023,-0.287352770370614,-0.0535938809640986,0.0504233670909929,-0.0094378133399219,0.0243704031986425,0.0122181026375004,-0.00683025114592794
"148","KP Meiyappan","Overseas",2.23783275918982,0.134833039381742,0.25424880483655,0.0803355984435389,0.0678767631653467,0.112893186312792,-0.0697757731022777,-0.311544160003469,-0.0572924263325575,0.00525644894565802,-0.0348445036941655,0.0812951268415374,-0.0544389701433157,-0.00793710317680397
"149","KR Mayers","Overseas",-4.21629892217381,-0.952437294167916,-0.887866490273623,0.859626864179069,-0.372346760735242,-1.38986996170508,-0.446768734735739,-0.552121736412391,0.65578016540606,0.208233063863127,0.565713890870866,-0.106883345004671,-0.00813780580181142,0.00645687496180517
"150","KS Williamson","Overseas",-5.7932137037661,-0.345663598213518,0.425574068879853,-2.18258575598796,0.552889272964535,1.43686236360623,0.748229738867261,-0.38320510794868,0.755698269052484,-0.198133190680604,0.0943913550536183,0.323526352113349,-0.233482530208583,0.03640896414594
"151","KW Richardson","Overseas",3.0055861644564,0.683104419241336,-0.539840421689201,0.158550078419662,-0.328134028709414,0.203172524979151,-0.0807327118853832,0.0665912271939243,0.00764099161632348,0.0768445959707207,-0.0573678645645387,-0.029442249272378,-0.00568878750016697,0.00303573096541407
"152","Karim Janat","Overseas",1.96415070173246,0.812363946994754,-0.266747613455427,0.389749704128258,0.162897710624981,-0.0856732490996612,0.0814401803186333,-0.0207106690004003,-0.0496010057073187,-0.0723405175643576,-0.0525380299379272,0.0349230240588106,0.00822895537542803,0.0017507677311576
"153","Kashif Daud","Overseas",1.21269780402901,-0.875870804508066,-0.606392002702802,0.144169315275277,0.0718309435407912,-0.241140784979002,0.123974593698052,0.222896486750402,-0.020787151672749,-0.100885395476939,-0.0845366832529917,0.124176254092047,0.0119544521297482,-0.00685868751893603
"154","Khushdil Shah","Overseas",-0.0975203002301879,-0.517404077371213,-0.211533696499911,0.602826494137647,0.149132903195064,-0.243622478509984,0.36022416822099,-0.305956694206208,0.158220839490236,-0.247352311678786,-0.456465255946806,0.0906018861403315,0.0899019066942112,-0.0239138155604424
"155","L Ngidi","Overseas",2.28969498853046,-1.9942373290174,-0.486962292620862,-0.748856145832296,0.043571145928294,0.816068231314764,-0.409861286668307,-0.123198269334395,0.240932535292203,-0.152534951606885,0.0697981374022448,-0.0416723388095165,0.00677899639674097,-0.00452968860979453
"156","L Tucker","Overseas",-7.87931093965947,1.71929376538961,-1.58172168584787,-2.14104016352238,0.261805070351315,-0.722986526121962,0.76973353435902,-0.147728688662606,0.0350526020677644,0.564925863278938,0.0375444651316369,0.0180668763856784,0.0725593792655083,-0.0071960222231196
"157","LA Dawson","Overseas",1.80165302750858,-0.593331676383331,0.271414589655771,-0.0826660073422971,0.0547238192678328,-0.116327171152409,-0.217248838042224,0.300370840729956,0.216131022520922,0.100906547220874,0.116705912212871,0.0219372223281718,-0.0168656447655309,-0.00391771616817709
"158","LD Chandimal","Overseas",1.01548500464766,0.144182836248681,0.193368850262492,0.338812798514721,0.386705554754735,-0.0527195738915636,0.170648298584972,-0.36919029855109,0.304842600570564,0.0691467367835244,-0.0951220285124515,0.116479628155962,0.0298762604446923,0.00682454205659512
"159","LH Ferguson","Overseas",3.10327126716465,0.70708122391973,-0.432312911183419,0.117048813336117,-0.402004749863511,0.301676633145028,-0.128305171455486,0.0859507713155663,0.0926676101629856,0.0770756881240791,-0.0502323639073523,-0.0645911005728326,0.00125412449804996,-0.00244938719765385
"160","LM Jongwe","Overseas",-0.839364802492801,-0.310643089129986,-0.79609989497198,0.00979953141509584,0.268705103846918,-0.452721823530315,0.417673625679043,-0.113416495404847,-0.356901390806278,0.147507228183049,-0.176789613791855,-0.0230399307807517,-0.0024026908897897,0.0120461514709715
"161","LS Livingstone","Overseas",-0.841983907830894,-0.246282971909875,-0.363448606338352,0.764056024350686,0.431601512899938,-0.135120362536708,0.273561754102124,0.183425597543328,-0.398022791587958,-0.114049063614568,-0.224766239433019,-0.0361604018765637,-0.0538985091762376,0.000570136850960008
"162","LV van Beek","Overseas",1.55136295971749,0.518049287147561,-0.375554373578103,-0.412948396238771,0.0229945629213712,-0.148750746089615,0.388333085418037,0.0614149709438059,-0.226080253169356,-0.127093066635824,-0.0287146299999591,-0.143361594161357,0.00433546116694613,0.00238714034662929
"163","Liton Das","Overseas",-5.90581303315181,0.21405885839587,-0.486812240472301,0.148529573619131,0.410107337292133,0.289177169264861,0.158850388451505,-0.033498563797847,0.511575080212996,1.19155095762218,0.479328638516645,0.189272587731606,0.0031203822006046,1.79222344515984e-05
"164","M Jansen","Overseas",2.62408337164276,0.803097898057027,0.302949559800343,0.275802202108778,-0.247441848184914,-0.0081489342680208,-0.0116096730789139,-0.176118113958357,0.0186027765198772,0.00414271067752875,0.128791914038062,0.0311882729148001,0.00819236600526942,-0.00146365610951415
"165","M Labuschagne","Overseas",3.03145771814731,0.992927872165513,-0.38063546233372,0.249743021777469,-0.366274442649498,0.162948252994925,-0.0907304822273718,0.0608541792688311,0.0120061958653718,0.0537588845640137,-0.016704333477475,0.0465719329770955,0.00842525848184787,-0.00674640675784152
"166","M Pathirana","Overseas",2.91834305820909,1.16468099092005,-0.153683928468538,0.316162689364978,-0.282654523396322,0.100109098372664,0.0159899262440336,-4.47282291004547e-05,0.0253549026249014,0.0520517941874878,0.0652573338999442,0.0254961272104136,0.00415680674614655,0.000286295341434394
"167","M Shumba","Overseas",-1.18687684854482,-0.0534528925351058,-1.21860190296609,-0.120629602809188,0.877382708045902,0.135942357043732,0.508341411516616,0.170390255276879,-0.48376773709684,-0.429520960780613,0.00875999863331321,-0.0314811959160096,0.0234805303132778,0.0017147541112678
"168","M Theekshana","Overseas",2.35267821977487,0.57270596912742,-0.493330399648132,0.33921599023443,-0.0490534239441452,-0.163799516924576,0.18753529685936,-0.0190462317532654,-0.13189798730781,-0.00262026423938955,-0.11577963826517,-0.160991256080849,-0.0128794662601108,0.00776968689767215
"169","MA Jones","Overseas",0.307934009765801,-0.122691148364501,1.74220365573216,0.366854745590642,0.282108441204418,-0.783254975232272,0.164165066048087,0.909810588732946,0.460898070734166,0.0990362023407749,0.0907536489548694,-0.0978546034005058,-0.011237626850319,-0.00219531287910814
"170","MA Leask","Overseas",1.59708965345555,0.0258710521181946,-0.00885699225275276,0.131152269508637,0.334862030418393,0.11043086144259,-0.0394830799633384,-0.192341851246398,0.0508298215466479,0.160351040534095,0.0595637884210235,0.0651011409164339,0.000969316777643956,-0.00705861932297009
"171","MA Starc","Overseas",2.55516888998989,0.23330420966605,-0.397237139466899,0.0461075417200062,-0.082636936471643,0.30219846626826,0.00875112646222653,0.0896779538345955,-0.046874163366993,-0.000598715232343561,0.044888440388821,0.0103174320656357,-9.08340882598783e-06,-0.00177047936293265
"172","MD Gunathilaka","Overseas",-1.10385288508577,-0.305175733665276,-1.28075972652328,0.134658829604097,0.33079294767115,-0.91619466218008,0.210988392275344,-0.0734347398711707,-0.230159692840351,0.0747840100958893,0.215869268922756,0.233427670980767,-0.012365272699863,0.00189510003790993
"173","MD Patel","Overseas",0.52198197591285,-0.529306935891325,0.834044487897002,-0.64408604079936,0.00199920310026452,-0.0354070175730274,-0.234612040438689,-0.107282234127668,-0.0527506278627033,0.0957064518914469,0.127758949590341,0.134567550360901,0.00407373181273472,-0.00385051245100987
"174","MD Shanaka","Overseas",-5.38357351142349,-0.306511389699354,-0.364646135768387,1.87324662008522,0.297008809931974,-0.0609985102948728,0.430113358149656,-0.217834945250312,0.36089836065995,0.198990012642399,0.0314737205861018,-0.201997140307331,-0.213361471828281,-0.0610645799603638
"175","MG Bracewell","Overseas",0.126369224215077,-0.89367703548146,2.26934654435939,-0.625106742629255,0.266717759493402,-0.421098910648568,0.137141620484326,-0.279320837292059,-0.619335226923331,0.0597349228846105,0.0471046154949204,-0.261010185724424,-0.0233574845224681,-0.00751563026982052
"176","MH Cross","Overseas",1.61022254737849,-0.635743137709703,-0.301060773361431,-0.0458476721099299,0.247210761403102,-0.204028910823352,-0.33382658937853,0.169009417129356,0.237015166608424,0.103854592180404,0.0509639174920944,0.0681673865254214,-0.01876364876199,-0.00420244269000275
"177","MJ Guptill","Overseas",-1.78272885771191,0.0502613564199139,0.0322529226677557,0.157872950938065,-0.062995960964083,-0.0342614431501446,-0.77736188467692,-0.152290808498879,-0.327430631664271,-0.407346130907379,-0.381244806341779,0.318578406469246,0.0550614776381787,0.00143766387486206
"178","MJ Santner","Overseas",-0.482630467179875,-0.353489047715799,1.58350700152311,-0.263227090181046,0.130962764142813,-0.674772818610769,0.261153020445393,0.447192907597234,-0.25353588504268,-0.0369615480483691,-0.0957468303918042,-0.396645915991919,-0.0252773712910983,0.00746445953221866
"179","MJ Swepson","Overseas",2.92682787311461,-0.168465290006098,-0.489944980384803,-0.19888246685165,-0.318457130911264,0.541689966349277,-0.230614207812631,0.132976703416595,0.185725520785293,0.00765800506754938,0.018558308887774,-0.0547975710789526,0.00320569255759651,-0.00419641121029308
"180","MM Ali","Overseas",-5.63028731362426,-0.684603220939478,-0.547030743168011,1.38476792210798,-0.945929563413525,0.0432610072971349,0.865818462581815,-0.479355979482991,-0.021167840943403,0.224209100721062,-0.104700215733063,-0.0268718801193983,0.0991926280577136,0.00376179924159425
"181","MO Kain","Overseas",2.3044100640696,0.565538126397371,-0.358010313555057,0.267926635035858,0.028771571524001,-0.169488619048792,0.0921054837512697,0.257272154395514,0.00570420440152142,0.0518054863617454,-0.0896465889993893,0.125702446278631,0.00190595282070697,-0.00154353251608067
"182","MP O'Dowd","Overseas",-5.35675937144404,1.18966219501173,0.028060359345556,0.189389059955067,0.388138565867451,-0.0210337718818464,-1.28913914926285,-0.134070585218233,0.0309886631798995,-0.297242756231722,0.472200476536357,-0.24825675017694,0.022169486995715,-0.0155004507789157
"183","MP Stoinis","Overseas",-3.01580205060993,-1.32175764162038,0.814461507322235,0.154374570714599,-0.409663523712266,0.402117519805824,0.529788186762978,-0.105809302620371,-0.335439828916041,0.400969439881869,0.188201843879464,0.0988244695037281,-0.244249029241815,-0.0921714321772911
"184","MR Adair","Overseas",-1.14046234429688,-1.24766979662595,-1.26997979067513,0.640180206675417,0.601787583990735,-0.457262307459761,0.632947135385295,-0.0829652427917723,0.0361110140791163,0.215002982306943,0.22326373748252,0.00382923079102756,-0.00164174360151625,-0.0023910098532936
"185","MR Marsh","Overseas",-1.02059705570455,0.118568809981269,0.428492550470535,0.0870365113381455,-0.241379402742317,-0.0774259487043805,0.196426773800219,-0.067370181124043,-0.101348328892965,-0.0173349554754583,0.296139212780916,0.127019230857648,0.0321244836199426,-0.00178249858065252
"186","MRJ Watt","Overseas",2.00928717324403,-0.0314901745097547,1.27701840707548,-0.00271031948284423,0.28281878128286,0.222549463717628,0.0654030845998634,-0.610690963950108,-0.265081716870518,0.158973836308328,0.146818678403694,0.141002139884088,0.00647526245251044,-0.0052809162874497
"187","MS Chapman","Overseas",-0.179053132182875,-0.782964851294384,2.11581518330813,0.436415995696701,-0.233342424897755,-0.551207069973868,0.181978062481637,0.558431872063492,0.151618516463963,-0.0539021141480914,0.0949700975346906,0.0336499859384715,0.013187942368934,0.00435900929238268
"188","MS Wade","Overseas",-2.48510121575715,-0.226552560915836,1.33394279955522,-0.0403641707970369,0.723815113787575,0.796343886082612,0.467166343695991,-0.525910728211007,-0.694757567241921,0.402085312163098,0.401255773017648,-0.470147071647604,-0.0298945560904286,0.00432461596492272
"189","MW Parkinson","Overseas",3.09470305279674,1.56653971485735,-0.552819187794951,0.496022598266049,-0.356672757288651,-0.0799461238063581,0.0572960117770581,0.0291087262240795,-0.0932125137572512,0.120784872223636,0.00957824774846242,0.0401881268164831,-0.00486890083788823,0.000456638879656549
"190","Mahedi Hasan","Overseas",1.64919671691747,-0.753802683849494,-0.43451498154867,-0.0418569508815794,0.189622279984536,-0.0632541080585588,-0.143473024721254,0.0754784143557184,0.111898204746919,0.0479212005716404,-0.133081491509787,0.0989647376227047,0.00463847215471468,-0.00186879240981039
"191","Mahmudullah","Overseas",0.240930363307441,-0.00738077845283973,0.0919975849626118,0.402816155006159,0.506531268455472,0.289873218137545,0.480623021886924,-0.21143149709807,0.327183564155135,0.159025322528277,0.10892756565516,0.258128967682265,0.051790850722679,-0.0066142325776097
"192","Mehedi Hasan Miraz","Overseas",-0.342552631105763,1.02081831144292,0.322776368401617,-2.32468368248735,-0.494008906903375,-0.836418353019635,0.254213192714893,-0.0787279498400897,-0.175437352790501,-0.0666116710491249,-0.0371781452329961,0.0987540771532487,0.0438526312213186,-0.00862641142684257
"193","Mohammad Boota","Overseas",2.11791957502667,-1.98895231427401,-0.340297253728133,-0.71373545180283,-0.102324594151043,0.828423154865094,-0.463155198706758,0.195884019063788,0.290282323773598,-0.153256662293679,-0.0512309419147461,-0.187857107895797,0.00221905137098385,-0.0052037437645442
"194","Mohammad Haris","Overseas",0.593718507675293,-1.04111440738987,0.335479109737203,0.123657882181181,-0.157511541190976,0.332874381911301,-0.0186032301536284,0.0117450085554262,-0.0534098500154895,-0.235952326999401,0.187130250269874,0.180796461174944,0.0288831239475732,0.00311068914489863
"195","Mohammad Hasnain","Overseas",2.52908064215909,-0.242375159228973,-0.407067069516355,-0.0904341916841741,-0.206531358200765,0.410913636851262,-0.0470637147744682,0.0836805180095934,0.0855100843711974,0.0537277781196163,-0.0984305681775907,-0.309508459749248,-0.0110904610449851,-0.000606859748391596
"196","Mohammad Nabi","Overseas",-1.41996962457018,0.357520720483614,-1.05774618966701,-0.570134688587034,0.497626865837563,-0.757311663924633,0.491144313004009,0.200492409864003,-0.547671969685453,-0.0428427078502939,-0.0779146824829466,0.153622774643042,-0.201011122106417,0.0451250633165343
"197","Mohammad Naim","Overseas",2.38045005349939,0.776888482137087,-0.222263492412246,0.318678841185928,-0.0605061582999958,-0.15888779642281,-0.10576554697546,-0.0509981135968524,0.0651302960738649,0.0241190865813526,0.0318583250063658,0.0490260711796651,-0.00258073328096174,0.00201413658057504
"198","Mohammad Nawaz","Overseas",-3.20975813507365,-0.0943491559268366,-1.35779137606045,0.615140311022984,0.466177964216456,-0.342510509108782,0.424096181804201,0.0396230139961296,-0.618389617547875,0.121369570267661,0.379452710270725,-0.119878568119029,-0.0319473628949726,0.015778081128049
"199","Mohammad Rizwan","Overseas",-14.8629743114784,4.10877379607782,-0.231202814678191,-1.78867914006881,0.424333614590479,3.32417943757302,-0.240409835050004,-0.108103057832669,0.276645268646638,-0.513229277625866,-0.498897287954819,0.298659262650357,-0.516484644090441,0.00641693605669651
"200","Mohammad Saifuddin","Overseas",2.98480132127029,0.689200994852948,-0.401678129940803,0.142213573516164,-0.328369899915457,0.247609300233664,-0.0802413366520587,0.0531330376123504,0.0731347633871688,0.0648213407992808,-0.114143978699263,-0.143522120977861,-0.000394189234108796,-0.00172845245821409
"201","Mohammad Wasim","Overseas",1.85236455947133,0.571229645547546,-0.369467381718344,-0.414907399035124,-0.0289804662532253,-0.330764670330368,0.0547067168253627,-0.351497584786443,-0.223728165763684,0.0449201025644921,-0.127067246123314,-0.248619500264623,-0.0135767178411859,-0.000426863965456798
"202","Mohammed Shami","Local",3.20970352177368,1.58361234119068,-0.437344752071419,0.450763703237531,-0.438145802984914,0.0279763674879497,0.0147788914667957,0.0704660907584541,-0.0365576187254772,0.142760129871767,-0.010197810266613,0.0209160337360923,-0.00209689272239382,-0.000456425261712371
"203","Mohammed Siraj","Local",2.91331279679381,0.810093474928114,-0.191848881440666,0.199676063614535,-0.29575209537397,0.130664945497441,-0.0996029530491889,-0.00497167861050074,0.0359031362448218,0.0866558656382064,0.0402132013828131,0.0407237845431525,-0.000501003403145737,-0.00047622166550893
"204","Mosaddek Hossain","Overseas",-1.18679940358454,-1.09406901320702,-0.65270610771597,0.41537290804718,0.94809361879937,-0.0385241329987865,0.417605595523478,0.353587729950002,-0.0342115205840865,0.159200168380402,-0.153915194689755,-0.140555612612365,-0.00683077123240207,-0.00566499290943755
"205","Muhammad Usman","Overseas",2.12229940261159,-0.217667838729817,-0.037421145062341,-0.0659764791158424,0.0410579468937322,0.264154509351107,-0.195786813261618,0.0918471773086268,0.0469954539103506,-0.185619535811635,-0.0398474524711527,0.0148020634333488,0.0121237818730025,-0.00207746851022304
"206","Mujeeb Ur Rahman","Overseas",2.21090212631106,0.204408812511741,-0.410830292099307,0.237001737925112,-0.0467807541507399,-0.284294118561474,-0.0114596062705024,0.101286124774445,-0.00996541442334703,0.0920954789675376,-0.0500181798919888,0.00671517428231434,-0.015640228748439,0.00187947751088303
"207","Munim Shahriar","Overseas",1.98386972573562,0.688637010328237,-0.26173924243969,0.355207159771719,0.0429703615948572,-0.198523723761039,-0.250038535952203,-0.00766966126383646,-0.0196737610384687,-0.0832276040159863,0.103534353663998,0.0246696338667596,-0.00730339720161633,-0.00186863658264998
"208","Mushfiqur Rahim","Overseas",2.02576060486258,0.358498920045477,0.246055626148342,0.190905732538543,0.106368102632625,-0.22616546004843,-0.0226449989703436,0.246067159993898,0.179231407267201,0.109005469870608,-0.0252086581207052,0.0567001416057291,-0.00528278838216317,0.000403047732382264
"209","Mustafizur Rahman","Overseas",2.41384211034872,-0.263466797910712,-0.403915790500552,-0.889282143288971,-0.450791002937146,0.282945654322783,-0.0378576528719721,0.0332584747042783,0.0875740481730559,-0.0125837515742607,-0.118835751596819,-0.208652361898392,0.00659206264366195,-0.00223674822023518
"210","N Pooran","Overseas",-6.94716884140571,-0.603296698281498,-0.855065786594708,1.6196534737005,-0.770150017692552,-0.163018972526099,0.317163531703638,-0.801842727604317,0.875873409905285,-0.348017348218538,-0.223591413436828,0.147905608382702,0.207879680684861,-0.032695170473433
"211","N Thushara","Overseas",2.88032829057167,-0.168419668419982,-0.605151963051761,-0.174398435899802,-0.289412277231874,0.498862019468771,-0.210556437762145,0.127884961117954,0.172430899344988,-0.00879601361971444,-0.0078869761453952,-0.160093986844455,-0.00277211672230656,-0.00344558154875911
"212","NK Patel","Overseas",1.53166109924901,0.103572097028558,1.07288218638164,0.189915784860499,0.262234136256128,0.123652389818253,0.367324580647041,-0.281549602770489,-0.154463268991987,0.0837382707307474,0.130672179351701,0.000287390224264987,0.0111506956300651,0.00515964963481892
"213","NT Ellis","Overseas",3.20970352177368,1.58361234119068,-0.437344752071419,0.450763703237531,-0.438145802984914,0.0279763674879497,0.0147788914667957,0.0704660907584541,-0.0365576187254772,0.142760129871767,-0.010197810266613,0.0209160337360923,-0.00209689272239382,-0.000456425261712371
"214","Najibullah Zadran","Overseas",-3.92163550647202,-0.0955469626021422,-0.442885490242475,-0.532965647234977,-1.15816085847708,-0.508265747462367,0.845069283756004,-0.405435857391233,-0.264892415217787,-0.371321467224832,-0.332294156293349,0.149979583571216,0.135431159779904,-0.00302425440430315
"215","Naseem Shah","Overseas",1.93979036401565,-0.855735833882804,-0.519426855961214,-0.909984906836023,-0.306645252980353,0.0634752171322963,-0.0161479560428925,0.0253366281342746,-0.102941053230319,-0.0461417257333993,-0.0601633802182616,-0.0207143680017738,0.000526802066294049,-0.0008497468604235
"216","Nasum Ahmed","Overseas",2.3230931035738,-0.269582063901913,-0.373936475005501,-0.0642924011974285,0.0782828123752252,0.289582631107807,0.0109907310466477,-0.0905363536367653,-0.0777110685647604,0.0314344733912056,-0.081101750812126,-0.109526041937107,-0.00621554128580646,-0.000713493717299762
"217","Naveen-ul-Haq","Overseas",2.760095310545,0.668955171355056,-0.116871680491882,0.152695304450623,-0.231228320043555,0.178077205158755,-0.0611768103188331,0.0747047056140299,0.107947508047407,0.0609764092974295,-0.0403205175902018,-0.177633912991828,-0.0051780010698147,-0.000229070259961108
"218","Nazmul Hossain Shanto","Overseas",-3.742998659099,1.89208920525003,0.431170828290166,-3.25773858600097,0.0494229040556986,-0.937796495235756,0.0820547921026714,-0.38469227752347,0.316451770981978,0.189169964726878,0.0657855319782194,-0.103109332011662,0.0551849102792785,-0.00809513583195653
"219","Nijat Masood","Overseas",2.98206638024796,0.871763714600284,-0.196752802795579,0.182074495114716,-0.34059121092342,0.273820624835889,-0.0677149238283085,0.0720750995708316,0.0214145981117304,0.0552949853044045,-0.0102199048781649,-0.0641987319820113,0.0009540481456048,-0.00142848683995699
"220","Noor Ahmad","Overseas",2.98911216503452,1.14644146362048,-0.165810059542879,0.282305000437197,-0.354439323251585,0.211693991327265,-0.051322081701521,0.0521121492564427,-0.00745925467370862,0.036989228948509,0.00432841136172664,-0.0827457941569092,0.000266300023724706,-0.000486667676112139
"221","Nurul Hasan","Overseas",-1.04527273516729,-0.239136509288073,0.190376011687974,0.0468562137949571,0.0936372648087141,-0.113887300878256,0.849096549917231,-0.307433145948084,-0.247722176628019,-0.164683658904344,-0.20335603841137,-0.336519928704816,0.0358348769157396,0.0136303037586438
"222","OC McCoy","Overseas",2.07370288888823,0.0561327635286434,0.223267351293205,0.131233028959264,0.0209573039578902,-0.122091318094502,-0.0123768250958163,-0.041920346177549,0.0506680148748666,0.0201229751358605,0.0361124528413376,-0.133112851863006,-0.00899154121341709,-0.00117632689320997
"223","OF Smith","Overseas",0.0262211155117321,-1.75265459886187,-0.955191972972274,0.162849800139742,0.348025497266943,-0.080128640272134,0.391756700093521,-0.119374082599877,-0.110988774162477,0.0127719300364305,0.030308314846312,-0.177639047135149,0.00017481083147451,-0.0129495797818289
"224","OJ Hairs","Overseas",2.36672121128817,-2.01803542340845,-0.636451546503002,-0.710449552885238,-0.153667920652462,0.688110720538842,-0.451475873425876,0.0868987055471136,0.313997357058606,-0.12001191445533,0.0517162970472704,0.143394056229906,0.00969120288575224,-0.000871303356184904
"225","OP Stone","Overseas",3.21725042688015,1.58056496025148,-0.434651869722101,0.44917289936949,-0.440298008615435,0.0299069867953816,0.018365431985442,0.0773111855009915,-0.044804461491416,0.151954792079077,-0.0184417986759928,0.0260705294510313,-0.00228565392068624,-0.000610163947915091
"226","P Nissanka","Overseas",-8.90118721168288,2.11232522479456,-1.25717535163716,-0.537191548122194,0.832073255257318,0.471251120435935,-0.0136677887755166,-0.387020298443461,0.798021853270488,-0.287278957352527,0.272645181697975,0.0171622846915656,0.128703742974921,0.0183244388689818
"227","PA van Meekeren","Overseas",1.45769944286291,-0.46222931339127,0.286663322908036,-0.752138678634068,-0.102308456179344,-0.0462337067329186,0.0386346393217921,-0.184521024551035,-0.00404788342043044,0.147006924110302,0.126488728873247,0.0334682404079865,-0.00263291491977355,0.00762953313281764
"228","PBB Rajapaksa","Overseas",-3.58963285167199,-0.126288659269516,-0.169120897840304,0.488215232526708,0.349156869967985,-0.171525071887627,0.015232798473735,0.368059745511222,0.0269677528487131,0.153100873137904,-0.121229411840203,0.0668469848499061,0.0131761256271715,0.0160739339775204
"229","PD Salt","Overseas",-1.71030386170255,-1.01766012920846,0.480183219232813,0.72347702588031,0.246538852370397,-0.919545725368257,-0.421126876510355,0.827205757326565,0.227700322641697,0.483184974422761,-0.423638220106762,0.0884923829703373,-0.0417914922293863,0.0129825910403577
"230","PJ Cummins","Overseas",1.24206840091865,-2.08850325874218,-0.501132400294269,-0.46495399543177,0.316514306259639,0.420400507760074,-0.112605468656006,0.0247193470442376,0.0822625441787386,-0.174696598546195,-0.0729603296836977,-0.15083639332158,0.00207415494962775,-0.00506337432782689
"231","PM Liyanagamage","Overseas",3.10013700118546,0.708433431791857,-0.432135338140723,0.117790647952698,-0.403597729475699,0.304422886045803,-0.133834874044223,0.0884661097524534,0.0867637012514443,0.0722990017680689,-0.0520134914421482,-0.064025211771393,0.00133319598167534,-0.00249415725418679
"232","PR Stirling","Overseas",-7.5518187204371,0.0892114899932974,-1.97078751178588,1.2890385537669,-0.612613483623106,-1.23419101628887,-0.615652841318409,-1.13748126884326,0.0742871751795589,0.0027106730737998,0.314174689491561,0.065988900511056,-0.0783205581863682,0.00737213445276739
"233","PVD Chameera","Overseas",1.52581922208948,-0.773701103739003,-0.529751338542071,-0.00957163047058701,0.322393799897183,-0.126511827877022,0.0612075133506946,0.0783097560705931,0.105745872774622,-0.024814616861108,-0.210076638156071,-0.0777828598491064,0.00157783263339581,-0.00429378544176796
"234","PWH de Silva","Overseas",-0.566034252117308,-1.34558065193112,-1.17104059307867,0.144985334395879,1.09677078950415,-0.130730569173498,-0.0978582351658376,0.329710664814949,-0.222045212473443,0.265475832209375,0.18962607575936,-0.0467611659047815,-0.0680363132886138,0.00135877828549229
"235","Parvez Hossain Emon","Overseas",3.07213710257064,1.22252573264335,-0.350313352616025,0.330771012821722,-0.369510769559261,0.0907679443435052,-0.0279616926661955,0.0341807621812579,0.0201318263513698,0.0883696654403311,-0.00425563231131808,0.0341853831426325,0.00320941834153518,-0.000744188074502419
"236","Q de Kock","Overseas",-2.5252175931768,0.0419669305716709,-0.0685555165358269,1.29141501918536,0.188871858631436,-0.575421703210357,-0.241369810219499,0.264346960782848,0.0880423780291543,-0.192128665819113,-0.151813734982316,0.0683129578168212,0.0491025545488842,-0.0150129585245722
"237","Qais Ahmad","Overseas",2.79361310781142,0.633965902085929,0.0050644943889574,0.147993108995541,-0.223834509422143,0.139301905149112,-0.0861853973034035,-0.0420923878580006,0.0360905431816465,0.0759496801917174,0.00915901879043807,0.0743395538852534,0.00454939615743992,-0.000634612565852806
"238","R Ashwin","Local",1.40971163106932,-0.522937886503208,0.224464743243999,0.0877802183015466,0.182385185931367,0.328389910903051,0.25527605800394,-0.35095831270279,-0.298187928341985,0.0138047079861535,-0.0648740563055229,-0.082883449419847,0.00333459686960714,0.00568150568777815
"239","R Klein","Overseas",2.56508154968248,-0.458879945995304,0.0759405575205863,-0.227726118681379,-0.119007637890854,0.351942637826002,-0.255264511536873,-0.0360428194417124,0.11062570979118,0.0506822342540015,0.0330214684946929,0.113714666255662,0.00389489204798697,-0.00255304593736122
"240","R Mutumbami","Overseas",1.99230434959957,0.434138247678648,0.394945832848215,-0.563529070765651,-0.251328075413432,-0.247720713536906,0.110339218418549,0.0725407634778652,0.0437142850564698,0.0349571503212419,0.0651559413910592,0.0454896926562458,0.00589889016361402,0.00164132065633881
"241","R Ngarava","Overseas",1.9599503529143,-1.21137953806091,-0.688167356575696,-0.230256884606156,0.024024541924843,0.293877571064823,0.0091239546993187,-0.0578804891413837,-0.0154283558587172,-0.114739894491097,0.00828019991248551,0.0238751997891672,-0.04462538523321,-0.00446929739680407
"242","R Powell","Overseas",-6.79660342419084,-0.0991285628155727,0.501138472859143,0.514707059348272,-2.06497018055543,-1.10842499154141,1.71008328513911,-0.274701685605722,0.406623832637543,-0.463160110331066,-0.365418328822126,-0.0231772539544822,-0.46413677232016,-0.113684112916944
"243","R Shepherd","Overseas",-0.0116805305824604,-0.859858899527029,1.37860580436839,0.570401777788797,-0.434629495811246,-0.0477208793487337,0.86402736146176,-0.524696380731638,-0.0097281580992874,-0.210542859946765,0.252555853758028,-0.0785669096754442,0.0536956769621005,0.0142298809091989
"244","RA Jadeja","Local",-1.21849169415845,-0.831977143076446,2.11483624841871,0.278410724697837,0.740627332830473,0.703858071643038,-0.286595687975045,-0.722443336012729,-0.498014587501061,-0.0421327742671419,-0.195039105785731,0.0831619174711632,0.0628727529277306,-0.0379302314699903
"245","RA Reifer","Overseas",2.36597786014813,0.681869598079321,0.799393661548905,0.190708305707289,0.0530096434454477,0.0847775955445981,0.148092539136447,-0.171956206950624,-0.00673386426215178,0.00185932075353601,0.0148144125455986,0.137999085063878,0.0296514481760817,-0.00894542895267339
"246","RD Berrington","Overseas",0.785744157148921,-0.0959128188465592,0.309396378061331,-0.514999778857477,0.0404802574812197,-0.12418194820831,0.294472285596352,0.168931877087143,0.0998301266044023,0.0709360252138952,0.0924375610003,0.137726373362714,0.0151046192290834,0.00419821197556972
"247","RD Gaikwad","Local",0.68504735156644,-0.117368673232576,0.66700183021763,0.436231400547259,-0.089601255388094,-0.566073469437624,-0.194901539920917,0.5255480066231,0.0949321470888553,-0.151796830561852,0.126674207022777,-0.0507916872690358,-0.0179365140923708,0.00892677833539531
"248","RE van der Merwe","Overseas",2.55626927415374,0.847827710050742,-0.61955098489131,-0.465620753058431,-0.375728272119072,-0.1454399157022,0.0673249181157548,-0.0479970027553178,-0.16172486136665,0.0173755138349273,-0.0989167982081351,-0.103899877929046,-0.00274295331346149,-0.00032396683466279
"249","RG Sharma","Local",-8.91167350919146,0.0748410712521977,-2.10168343891576,1.575518340883,-0.906224241181408,-0.677181883898046,-1.11207235185584,-0.620930351753092,-0.652917184870527,-0.342714577627649,0.0527557452917838,0.215848588092208,0.0346265249492344,0.0342732032112717
"250","RJ Gleeson","Overseas",2.9227292151384,0.682313706766967,-0.589004293621591,0.177028650541742,-0.274921003065828,0.15498384943207,-0.0330927958365683,0.115648202676634,-0.0070058612534602,0.0761338000199559,0.0383409114028201,0.0646790883383686,-0.00231791495375238,-0.00189967915655346
"251","RJW Topley","Overseas",2.55212952075751,0.360354747576112,-0.345532136144168,0.140093679126755,-0.0627240812996662,0.0651083695106837,0.0217552568848398,0.0184412847508155,-0.0547772522330222,0.0794458373341057,-0.0761060336590732,-0.0746806866095841,-0.00885847805390366,-0.000295544684897247
"252","RL Chase","Overseas",2.34505797598964,-0.239070659089032,-0.0827894428890865,-0.110715998826655,-0.0143413141415508,0.28234634595374,-0.144696973868525,-0.010722749189627,0.135568127750046,0.00179273424392584,0.144668778980675,0.075267255327204,-0.0467375390222816,0.0316718558955709
"253","RP Burl","Overseas",-2.87315115513258,-1.83863745869655,-0.741689396577025,0.564309018387745,0.818364004660788,0.28803625688512,0.29206393632925,-0.0169732903599998,0.251713886245651,-0.365587903865982,0.0493605800595173,-0.424719299911449,0.0376967825989222,-7.43012175235488e-05
"254","RR Hendricks","Overseas",-2.97625962112847,0.325423824373849,2.05033685604592,0.0505980540160711,0.592365419105845,0.381111350603658,-1.05402443204145,-0.0507338702523414,-0.130291744936489,0.375655223932459,-0.00116385521206958,0.165613521897291,-0.00186195548768087,-0.00493985120016355
"255","RR Pant","Local",-3.6619663301259,0.0273004778159739,-0.831528863428573,1.35752431369973,0.804395970819492,-0.106271411872032,-0.863034262751195,-0.132560082590377,-0.342695991502064,0.125688193328087,-0.165902942401328,0.0175192153573775,0.0141589632063318,-0.0426304344918818
"256","RR Rossouw","Overseas",-3.86268821434843,-0.184574945838834,2.37506343858092,0.0389938416381086,-1.20908038605821,-0.760555482239562,-0.0898279416133018,0.390508607158136,-0.328078706794926,0.155447876928636,-0.151368332728709,-0.077974466642725,0.0174943521195327,0.0184154712105955
"257","RW Chakabva","Overseas",-2.85567937432173,-0.0612214431297897,-2.09715824078505,1.26236228575995,1.28258739223775,-0.607393816394875,-0.531384038125623,-0.286882788559241,-0.723286778783038,0.0529322038972053,0.301266951159828,0.241215630136664,-0.0339118218038644,-0.028816348411344
"258","Rahmanullah Gurbaz","Overseas",-4.38754354414567,0.043079658182905,-0.546445110776422,-0.483031655475667,-0.796402237211609,-1.30131324071979,0.385881222691152,0.264333280549366,0.0229708431722223,-0.024661791149391,0.433693069324334,-0.0125466043069766,0.0191284589654836,0.0118058114812266
"259","Rashid Khan","Overseas",-0.465945839694286,-0.991125689220671,-0.211886191588841,-0.284579367593825,-0.0395771145269218,-0.476183320903569,0.609817465556422,0.103314313864806,0.0465365433524413,0.0202361770205275,0.108233871089236,-0.231327406426638,-0.000376412094110939,0.0143138360160761
"260","Ravi Bishnoi","Local",2.33190396249007,-2.02558833599204,-0.304601970580127,-0.775991739363645,-0.00104144795138128,0.782014692115693,-0.454929600336114,-0.00132036196274679,0.230924422227687,-0.0607902212126546,0.0934844355294983,0.0481368282857124,0.00146728180386889,-0.00551991410999506
"261","Rohan Mustafa","Overseas",-1.61911504641066,0.339740348152249,1.83033313130677,-0.110385523356302,0.517953712675047,0.517153237969528,-0.0503406621097468,-0.356430171893456,-0.222214227890091,-0.368069539599278,-0.377312613180553,0.217375626952957,0.0970816332767672,0.00200036784619418
"262","S Mahmood","Overseas",2.50436678943762,0.000791076658078788,-0.392951185011336,-0.0218968456096438,-0.0714696797016081,0.274911960650539,-0.086724989201296,0.0346564523953616,0.0224801214548174,0.000762770615639508,0.0606758349977367,-0.00521429393070982,-0.00309375643414833,-0.00123015409921391
"263","SA Abbott","Overseas",3.21411616090096,1.58191716812361,-0.434474296679405,0.449914733986071,-0.441890988227623,0.0326532396961572,0.0128357293967051,0.0798265239378786,-0.0507083704029573,0.147178105723066,-0.0202229262107887,0.0266364182524709,-0.00220658243706085,-0.000654934004448037
"264","SA Edwards","Overseas",-1.27459206344424,0.702530694367069,-0.613660572965612,-0.694893124489385,0.70459732443407,-0.094465417302325,0.365929772910681,-0.59984831317179,-0.254507438969969,-0.114966470819077,-0.323053520920336,-0.20152840414962,0.0350099160391386,0.00571699394103612
"265","SA Yadav","Local",-14.1112629981779,-2.69846869511219,-0.338075587227942,0.638835054331923,-4.02930900290771,1.19950064299622,-0.444983685684202,-0.206817213758227,-0.22328525919872,1.77356597026398,-0.2804558901193,-0.0172282344219957,0.0568284466783342,0.0464781055029208
"266","SC Getkate","Overseas",1.39243452033558,-0.1054381800348,0.433327190758064,0.308833689181328,-0.150029472700357,-0.0632408031410456,0.240805096624667,-0.0174010501484019,0.0834339797758268,-0.0879234042539925,-0.0918162325599687,0.20415603933436,0.0377290614736211,0.00546366274317773
"267","SC Williams","Overseas",-4.7113529197965,1.16735541927297,-0.317625738792314,-0.911624590036305,0.650881117108954,0.365097048759018,-0.341961490797851,0.439653042167541,-0.322592222578009,0.135655065417278,0.00331739975917145,0.269214424601376,0.0308219905343969,-0.00246095039980182
"268","SD Hope","Overseas",1.72927038999482,-0.770909257264361,-0.388726076934399,-0.17322811258966,0.153925531390168,0.20404142632787,-0.41218639474008,0.164414626011206,0.143878981036151,-0.214723267393455,0.0413503146411039,0.0940753974632962,0.00433855499179749,-0.00215037048721873
"269","SJ Modani","Overseas",2.23083730539427,0.0376935966212068,0.31016655825004,-0.795790431292739,-0.190890494533983,0.178242853421427,0.01024090164906,-0.277400514795495,-0.161136676311031,0.0238437535771321,-0.0243875307865594,0.0875911238771431,0.0141534687159331,-0.000868619291210805
"270","SJ Myburgh","Overseas",-0.47161784280191,0.183758944200471,-0.401961748525808,0.803229193568902,0.263269886267375,-0.381600185487201,-0.180336445403606,0.0229722128415912,-0.0490643976253817,-0.231179443579286,0.341726207798967,0.0350802500021426,0.00179831184272629,-0.00410862764464325
"271","SM Curran","Overseas",0.936367836716392,-1.21037909572434,-1.01877303733694,0.0488722999685105,0.386756709332854,0.0299939248390909,0.220487549947144,-0.0241335073328643,-0.214564715121722,-0.183368865597599,-0.142459121322222,0.0663466803128805,-0.0365204891546079,-0.023730831342867
"272","SM Sharif","Overseas",2.54380384396056,0.305454562023729,0.400855122396331,0.102033815108874,-0.193530139400683,0.101245553812572,-0.0365537109619136,-0.142152427699358,0.00978395713806357,0.0309777970022901,0.0538758509654482,0.0978059241495196,0.0085374285651987,0.00153767892189485
"273","SN Netravalkar","Overseas",2.71523356964264,0.661125455719997,-0.43307253513691,0.199757823579615,-0.14395966398991,0.137457168705231,0.0684272532808788,0.0594853406887014,-0.0472698350751067,0.0635739306480195,0.0176803288127046,-0.00816754371366454,-0.00333659857999393,-0.000663519606129461
"274","SO Hetmyer","Overseas",0.215802427622426,-0.264294092277603,0.409251578321442,0.696600820599978,-0.22598095415514,-0.938208463422446,0.089186020406732,-0.0402294207753787,0.560374395875762,-0.0971903432740053,-0.0340164747171209,0.0215784218293841,0.0367193108392767,0.00558343404624189
"275","SPD Smith","Overseas",0.330123277335787,0.0714323844618151,0.0930165944692673,0.490280894398076,0.356559832687121,-0.153084638053031,-0.121038992961181,0.0895122663433898,-0.0814491986933339,0.0545708264292141,-0.193403833432904,0.144376735013855,0.0109059255130673,-0.00440732445849217
"276","SR Taylor","Overseas",-1.69686390646043,-0.555498690092095,3.57683366580583,0.612779639679797,0.413000985823956,-0.63485158759955,-0.477402042102158,-0.0768236037732793,0.0386538987345124,0.394547148476579,0.0524518990944982,-0.0137257972304891,-0.0178927183869091,-0.00297182812755776
"277","SS Iyer","Local",-5.31234986121427,-1.28541700860894,0.546436729188434,-0.295387911636621,-0.487892082175434,0.501990435161961,-0.558362135615385,-0.336500753222745,0.136256321436535,-0.136509523549079,-0.606769426758936,0.1726771419101,0.109314503892178,0.00680968332035399
"278","SSJ Brooks","Overseas",-1.1500395917393,0.297532813226058,0.41810782122038,0.0406435260571101,0.228074188564188,-0.455936706060312,0.041269830248668,-0.0802593556660483,0.251976921084171,-0.513729955112289,0.360473178580243,-0.147478066698969,-0.258823530550023,0.0663316233308878
"279","SV Samson","Local",-0.78859124811708,-0.378584875931136,2.53854641133758,0.599545690262862,0.0289978952763372,-0.376116551564723,-0.478065760085031,-0.0166722040875648,-0.249981911408167,-0.0879766909193198,-0.347198433922562,0.149986246663581,0.0195984884031385,0.00861427321786842
"280","SW Billings","Overseas",1.09701700920679,-1.49934072841975,0.582468794756001,-0.265475939753041,0.101544121500739,0.275408223518351,0.120522563753424,0.319282332029083,0.264501661328587,-0.191614069995756,0.168839565848738,0.00353474088397131,-0.06589124669488,0.109306592702349
"281","Sabbir Rahman","Overseas",2.04067321024926,0.202711308433045,-0.363836270238145,0.200636085567081,-0.0113116853528944,-0.0300899113646495,-0.0789877444814863,-0.00658908313822307,0.0303023729539605,-0.0548742181849867,0.127270382701275,0.0734652941288914,0.00581241967824589,-0.00758929966292683
"282","Shadab Khan","Overseas",-1.75167167642026,-3.44784367485655,-0.559956780043696,-1.81006045127428,-0.231112163906936,0.341695321854082,0.0295078976516874,0.353083201073354,0.16022099256895,-0.224861822473062,0.00376552149484346,0.244055943051006,0.0534896833991814,-0.00030518056240492
"283","Shaheen Shah Afridi","Overseas",2.2215876346448,-0.564186387995538,-0.374347508143925,-0.110042756420777,-0.043638360070309,0.135913782860776,-0.0633244340412407,0.186484619900913,0.0565707513369353,0.0516402851394244,0.0259060575655475,0.0195065590223081,-0.00255380702293024,-0.00282503203910619
"284","Shahnawaz Dhani","Overseas",2.2317465402798,-1.42573521588955,0.309504004763623,-0.481661398423915,-0.141546627494106,0.561055289380555,-0.148911210208967,-0.0248998218402882,0.134616277148389,-0.105272769606324,0.177402339862012,0.135688967862596,0.015221351864989,-0.00133782983833188
"285","Shakib Al Hasan","Overseas",-2.99812517865295,-0.0554904728789668,-0.106656754989713,-0.5626620670184,0.669723031749864,-0.602714193763549,0.312733164806151,-0.0655132858861824,0.848518616021918,0.587195796390644,-0.307787715022084,0.171823335438481,0.0630047528131456,-0.0189367075439666
"286","Shan Masood","Overseas",-4.66563143370396,1.21536231353367,-0.0825052166266287,-0.969228194556954,1.04465169476077,0.575424563775466,1.05332568373601,0.296597588063342,0.230462254304354,0.315574774303294,0.310439393678075,-0.174388435659706,0.0720912069424723,-0.0264653560262612
"287","Sharafuddin Ashraf","Overseas",2.89137293493946,0.819558930033002,-0.190605870141795,0.204868905930603,-0.306902952659288,0.14988871580287,-0.138310871170347,0.012635690447709,-0.0054242261359671,0.0532190611461357,0.027745308639242,0.0446850061532299,5.24969822319754e-05,-0.000789612061239549
"288","Shariz Ahmad","Overseas",1.9849529632659,-0.754297801275642,0.134233873203248,-0.228635883313094,0.210236244168396,0.33208062357938,-0.0934922264214376,-0.1080531377803,0.00400027820938892,0.105443193490153,0.065944380735331,-0.0314636253124216,-0.00895667010363854,-0.00479651550995949
"289","Shoriful Islam","Overseas",2.50697537560525,-1.96426417626152,-0.713051502466657,-0.768883616171301,-0.119838658688129,0.792721094545447,-0.530019377698345,0.0813102125339209,0.336553584452873,-0.134982762236781,0.0371545913991028,0.0130004508559246,0.00723168315911635,-0.00688152876093554
"290","Sikandar Raza","Overseas",-9.14097194147649,0.544347927054582,-0.279113078420149,0.615406972442522,-1.37826057229354,0.979328278112233,1.1121991212793,0.233467150871116,0.0504385498169266,0.260340543222627,0.446790083450983,0.0960205788625813,0.137675894277164,0.0116484414665385
"291","Simi Singh","Overseas",2.0071818287853,0.358641007317639,-0.708563786091635,-0.507247052266678,-0.0553213155491735,-0.20748108031418,0.183277580068504,-0.113002933350552,-0.269492928132712,0.0396356706342505,-0.253057202937947,-0.0523504344744092,-0.000336943329881125,-0.00048454451627004
"292","Soumya Sarkar","Overseas",0.752400822857157,-0.753531316573587,-0.477737140135832,-1.47990814049669,-0.233955410996531,-0.134109446394585,0.079912270271227,-0.10137155542971,-0.0268585882844785,-0.0358388550337127,0.133286051119264,0.169605770026454,0.0301505055627418,-0.0171416383173588
"293","Sultan Ahmed","Overseas",2.9541036103157,0.684101021745479,-0.6300629589774,0.183097383785066,-0.30132493063288,0.136284437706997,-0.082540058371423,0.0794360768067063,-0.00305932185636237,0.0575816452426093,-0.0144796450698689,0.0766386735180765,0.00101174491395608,-0.00216170614530476
"294","T Banton","Overseas",0.2546468148151,-0.502318417708954,1.23182766940496,0.456052234390581,-0.156105486545867,-0.715871809414511,0.167358632983854,0.610581609368711,0.336237868486853,0.0507559275254413,0.165237758438486,-0.0531850750039628,-0.00190565580658335,-0.00194639262068624
"295","T Bavuma","Overseas",-0.331119936097063,0.01067447132405,-0.76682752233102,0.603304467940107,0.660105003245787,-0.276736180478133,-0.0338930096484105,0.215143605482482,-0.0547326723190784,-0.186751344422634,0.390386578234442,0.0697868761615699,-0.0178927834461269,0.00593487364250206
"296","T Marumani","Overseas",1.71341146122511,0.393075118540181,0.792334200429448,-0.541283345003053,-0.121455369355687,-0.299727042730675,0.0596572193651332,-0.200720122514518,0.0694842386697265,0.0451607957510717,0.0474521180652989,0.0810019937227978,0.012104197984168,0.0040704773676311
"297","T Munyonga","Overseas",1.00087593264848,0.107460437482015,-0.00175579225891057,0.275614147962788,0.486904624195549,0.014125878986128,0.263773728389548,-0.0107352993231788,0.233691180536106,-0.130649164546023,1.66987004682484e-05,0.198459651617046,-0.109599850387209,0.0177631813039465
"298","T Shamsi","Overseas",2.63264263652041,0.537331529588521,-0.407357335012524,-0.626381615016736,-0.397105197030649,0.0463234901505389,0.0406602333708987,-0.0999008531113778,-0.122921551670266,0.068321726412386,-0.109077169516505,-0.0770325067704703,0.00189777086414888,-0.00145935603722308
"299","T Stubbs","Overseas",-0.646824367176735,-1.14857423993382,0.589422523928146,0.568840880149222,-0.280984787305917,-0.542489619489722,0.246196272762875,0.691142795175414,0.13719520073259,-0.0674391234963541,-0.131528717638208,0.0584414371665814,0.015210679443436,0.00876306257363399
"300","T van der Gugten","Overseas",3.21725042688015,1.58056496025148,-0.434651869722101,0.44917289936949,-0.440298008615435,0.0299069867953816,0.018365431985442,0.0773111855009915,-0.044804461491416,0.151954792079077,-0.0184417986759928,0.0260705294510313,-0.00228565392068624,-0.000610163947915091
"301","TA Boult","Overseas",3.06809449469865,0.697809860430995,-0.360445214991361,0.117616724172579,-0.380189965703314,0.291954018021135,-0.116927875370711,0.0700040808378803,0.0888303870363822,0.0748139776717136,-0.0587321075949915,-0.0559894244442231,0.00272435471996602,-0.00233706510702776
"302","TG Southee","Overseas",2.30754665104093,-2.02274390064261,-0.747965677215596,-0.707779389851285,0.0394469512476958,0.704303811398393,-0.406916083067103,-0.0584834992450585,0.131963754873511,-0.132477055212089,-0.0956967719936666,-0.210255909027952,-0.00710762200110947,-0.00473912130569352
"303","TH David","Overseas",-0.559741194877373,-0.63664399160869,0.432334418163582,0.664574733656519,-0.156486061641277,-0.242978198685633,0.324308282318149,0.291483502159033,-0.0104776190679844,0.159081590119146,0.161443634058246,0.057723266079291,0.00458723963834955,0.00207539098026406
"304","TJG Pringle","Overseas",0.996088839543761,0.265044840235743,-0.789558801258727,0.381777680175605,0.566544455951265,0.0493462711359459,0.463460854532069,0.281148728976533,-0.189736831328268,-0.153147824852065,0.220794639519968,0.0853484073167229,0.000558190955180637,0.00302460753466134
"305","TL Chatara","Overseas",2.27138084520622,0.315749816818647,-0.112845343493921,0.151150209092944,0.135855266176041,0.197982032051737,0.152824726728854,-0.301081708016211,-0.129167043289111,0.0576617073174705,-0.114019426717277,-0.0762872897827631,0.0035899999743344,0.00161054990702979
"306","TLW Cooper","Overseas",-2.810311909012,0.608225811491401,-0.146908643917036,-1.1388921283319,0.191081162453931,-0.975707100030541,0.0318666445191009,0.800412593911788,-0.223956389015856,-0.00403381202944825,-0.223800208341886,0.0585325606966257,0.00513077225342571,0.00845306005227547
"307","TM Head","Overseas",1.84632404864973,-0.241768348453777,1.12915677723983,-0.8157223893914,-0.156089467611184,0.00601347567097785,-0.0449560378392758,-0.284909556655922,-0.227570114443732,0.0132769525174464,0.108850262335634,0.162861418240472,0.00737908359620099,0.00215673132030819
"308","TS Mills","Overseas",2.74028101766033,0.596183049572843,-0.061787031141519,0.202689996418759,-0.281922817832203,0.102491785890784,0.0119037805931401,-0.106254093957351,-0.0267292344492768,0.0224800616685979,0.0126777187758742,-0.0179784374315589,0.00318555675904774,0.00150831882414288
"309","Taskin Ahmed","Overseas",1.3251309164965,-0.780578474054404,-0.890400668158903,-1.54957622685172,-0.274311066432335,-0.208409193574214,0.0990563973469907,-0.31252876756863,-0.0317517696141732,-0.139453322692907,-0.01548544505934,-0.00725831484730004,0.0157945299218413,0.00223521097963808
"310","UT Yadav","Local",2.3663829476187,0.445500365677541,0.894629733517067,0.10268756417859,0.0149642874127458,0.107091514976497,-0.00921940528730414,-0.226994160980445,0.0157356223716809,0.0470004678907676,0.0451187670441888,-0.00695264836518625,0.0246296085272844,-0.0228745231132945
"311","Usman Ghani","Overseas",-1.31937489571081,0.468989377578319,0.63580756326576,0.895360377570491,0.594214272949582,-0.372847089989604,-0.0920973320503269,-0.25769029073153,0.724333821858084,-0.198773346763848,0.101047235574713,-0.103201022821365,0.0454951134250797,0.00467326997252795
"312","Usman Qadir","Overseas",2.1672508458449,-1.21195775194122,-0.121781694382821,-0.371677579918488,-0.0341791723915119,0.324314418275737,-0.21633529713124,0.113534766482412,0.171643979261805,-0.014794228693647,0.00192421618271774,0.0354755292762572,0.00035621717486522,-0.00241236413806977
"313","V Aravind","Overseas",-6.25561658677294,1.3526705496317,0.490645539870706,-2.75308297678402,-0.500712971446094,-0.526462157376346,0.188361128366528,0.219139480052272,0.128526508371905,-0.145690086041904,0.133921743949644,-0.20394634313198,0.0974649398496135,-0.0226313203772156
"314","V Kohli","Local",-10.1051941602123,1.0003936043652,1.82995087471366,1.77292157144465,0.196060519310839,1.96568219548456,-0.879123087111524,0.740140924263808,0.00219698625865483,-0.252003703167456,-0.670850374763036,-0.209399822079087,0.155286626240582,-0.0144982710006983
"315","VM Nyauchi","Overseas",3.1656397657776,1.29829701516163,-0.351635576370488,0.329639457963306,-0.436981033846062,0.162557410368815,-0.0548638681502406,0.0643095273690683,0.0116658926299464,0.0968191698282382,-0.0498439172126697,-0.083827406563724,-0.00144501902700866,-0.000909746050767919
"316","VM Vaghela","Overseas",1.98074029763558,0.525869045700116,1.49855661695624,0.175803823337883,0.261831298288001,-0.0130096634100069,0.190804664802246,-0.308592678465518,-0.0874017966316558,0.0429553461651104,0.133776557192714,0.147455339756137,0.0126812782891432,0.00432286419398776
"317","VR Iyer","Local",0.454117132865654,-0.255274641404381,2.34141705398978,-0.48225868310027,0.0893945403430006,-0.0354432773469468,-0.0331526189789449,-1.01076417511437,-0.780503583658735,0.104058419379352,0.0213364667840855,0.19582293925965,0.011422576296394,0.00290059094015893
"318","Vikramjit Singh","Overseas",1.10696127247956,0.0458495459165262,-0.169302626213307,0.342543982594532,0.171133379183529,-0.404927831799402,-0.141108928703332,0.398625546263114,0.119377279577763,-0.284158120657354,0.0913009755406964,0.00393111612390021,0.00862685402236778,-0.0110014631535956
"319","W Madhevere","Overseas",-5.23452844411617,0.78312673815459,-1.28371887294299,0.0843479387388555,1.33336538330444,-0.917309472461095,-1.3854341538478,0.102792301139705,-0.23074756176089,0.596572426172478,-0.254417010462699,0.143085906633439,-0.0557391991324219,-0.0158352524511717
"320","WD Parnell","Overseas",1.15729219271822,0.400461662320626,0.23428836662265,0.429140071089191,0.447908200175776,-0.220180882221283,0.190576260179184,-0.494165389906588,0.0204825822271313,-0.201078448835569,-0.180308798237319,-0.180838513642366,-0.188417981081973,0.0958628302617831
"321","WG Jacks","Overseas",1.77368572772786,-0.310717357893061,0.912548604674111,-0.0270459948926789,0.112713276735615,-0.205505720482325,-0.414117970435752,0.212496662994347,0.0480502956253553,0.123573009876495,-0.0121978510590563,0.0560967508289849,-0.0240873489466967,0.000637341055519387
"322","WIA Fernando","Overseas",2.61963081319426,-1.12807542062449,-0.386065370025099,-0.445946197190793,-0.271002295286652,0.580813384663129,-0.326066990690213,0.0474933440152451,0.247029876504807,-0.0984432410308956,0.0620334667610941,0.0981572266520498,0.0150704006309063,-0.00418173182669523
"323","WP Masakadza","Overseas",2.45329225552557,0.674335167576595,-0.650457508356539,0.304958647640555,-0.0669866229247998,-0.0904927533185065,-0.0733026727284687,-0.0311171177565419,-0.0671743663678968,-0.061573325885142,-0.0336737927693309,0.119446110366283,0.00471672176124357,2.99605553992447e-05
"324","Waseem Muhammad","Overseas",-7.69647834725544,-0.274333003698785,0.928839512861942,1.26173939544003,-2.33455964533855,-0.131795584518899,0.769743675501174,0.110893091997491,0.507815407321383,-0.882426278964587,0.488358797093606,-0.0280945680927175,-0.11564701366663,-0.026718926448117
"325","Washington Sundar","Local",3.21411616090096,1.58191716812361,-0.434474296679405,0.449914733986071,-0.441890988227623,0.0326532396961572,0.0128357293967051,0.0798265239378786,-0.0507083704029573,0.147178105723066,-0.0202229262107887,0.0266364182524709,-0.00220658243706085,-0.000654934004448037
"326","Y Cariah","Overseas",3.01902219207362,0.690557971331585,-0.441603253850909,0.139483942196098,-0.343759873707147,0.259838836047101,-0.0829237477695896,0.0584623475317737,0.0578618970948813,0.0765555461173133,-0.110490073308509,-0.142285435768821,-0.00190091625309294,-0.00186431320724827
"327","Yasir Ali Chowdhury","Overseas",0.632802613679109,-0.378580496628771,-0.195389046645964,0.376934152022858,0.348512871189399,-0.487518147439428,0.0408880817398902,0.286957951824618,-0.0790524304361883,0.0781318264592939,-0.261943112064567,-0.076871676489881,-0.0248621198443625,0.0104721846448369
"328","Yasir Mohammad","Overseas",2.47014998671828,0.892275464443807,0.600363675837732,0.255536195467571,-0.0152772489770304,0.0675173626677064,0.131571083489044,-0.151335703954099,0.0104913109795551,-0.00556541206657907,0.0610707243417305,0.0932861351592706,0.0174605565431165,0.0017386320457594
"329","Zahoor Khan","Overseas",3.10327126716465,0.70708122391973,-0.432312911183419,0.117048813336117,-0.402004749863511,0.301676633145028,-0.128305171455486,0.0859507713155663,0.0926676101629856,0.0770756881240791,-0.0502323639073523,-0.0645911005728326,0.00125412449804996,-0.00244938719765385
"330","Zawar Farid","Overseas",0.185264881739623,-1.50360922793842,-0.610725934732087,-0.720760568156386,0.0764263282356986,-0.277275054411576,0.170636584156798,0.397613339559895,-0.0437067560646522,-0.0899190282457491,0.111631737449828,-0.0351120711429774,-0.0119195299551494,0.00888470908282369
